<metadata xml:lang="en"><Esri><CreaDate>20210610</CreaDate><CreaTime>17152300</CreaTime><ArcGISFormat>1.0</ArcGISFormat><SyncOnce>FALSE</SyncOnce><DataProperties><itemProps><itemName Sync="TRUE">OFM_BAS_change_polygons</itemName><imsContentType Sync="TRUE">002</imsContentType><nativeExtBox><westBL Sync="TRUE">689302.669803</westBL><eastBL Sync="TRUE">2453058.741381</eastBL><southBL Sync="TRUE">182088.399394</southBL><northBL Sync="TRUE">1317383.923418</northBL><exTypeCode Sync="TRUE">1</exTypeCode></nativeExtBox><itemSize Sync="TRUE">0.000</itemSize><itemLocation><linkage Sync="TRUE">file://\\encmsoly1024.eclient.wa.lcl\OFM\OFMFC\GIS\Projects\CENSUS\BAS\Submitted\website\OFM_BAS_change_polygons.shp</linkage><protocol Sync="TRUE">Local Area Network</protocol></itemLocation></itemProps><coordRef><type Sync="TRUE">Geographic</type><geogcsn Sync="TRUE">GCS_North_American_1983</geogcsn><csUnits Sync="TRUE">Angular Unit: Degree (0.017453)</csUnits><peXml Sync="TRUE">&lt;GeographicCoordinateSystem xsi:type='typens:GeographicCoordinateSystem' xmlns:xsi='http://www.w3.org/2001/XMLSchema-instance' xmlns:xs='http://www.w3.org/2001/XMLSchema' xmlns:typens='http://www.esri.com/schemas/ArcGIS/3.1.0'&gt;&lt;WKT&gt;GEOGCS[&amp;quot;GCS_North_American_1983&amp;quot;,DATUM[&amp;quot;D_North_American_1983&amp;quot;,SPHEROID[&amp;quot;GRS_1980&amp;quot;,6378137.0,298.257222101]],PRIMEM[&amp;quot;Greenwich&amp;quot;,0.0],UNIT[&amp;quot;Degree&amp;quot;,0.0174532925199433],AUTHORITY[&amp;quot;EPSG&amp;quot;,4269]]&lt;/WKT&gt;&lt;XOrigin&gt;-400&lt;/XOrigin&gt;&lt;YOrigin&gt;-400&lt;/YOrigin&gt;&lt;XYScale&gt;11258999068426.238&lt;/XYScale&gt;&lt;ZOrigin&gt;-100000&lt;/ZOrigin&gt;&lt;ZScale&gt;10000&lt;/ZScale&gt;&lt;MOrigin&gt;-100000&lt;/MOrigin&gt;&lt;MScale&gt;10000&lt;/MScale&gt;&lt;XYTolerance&gt;8.983152841195215e-09&lt;/XYTolerance&gt;&lt;ZTolerance&gt;0.001&lt;/ZTolerance&gt;&lt;MTolerance&gt;0.001&lt;/MTolerance&gt;&lt;HighPrecision&gt;true&lt;/HighPrecision&gt;&lt;LeftLongitude&gt;-180&lt;/LeftLongitude&gt;&lt;WKID&gt;4269&lt;/WKID&gt;&lt;LatestWKID&gt;4269&lt;/LatestWKID&gt;&lt;/GeographicCoordinateSystem&gt;</peXml></coordRef><lineage><Process ToolSource="c:\program files\arcgis\pro\Resources\ArcToolbox\toolboxes\Data Management Tools.tbx\AddField" Date="20200306" Time="092933">AddField G:/GIS/Data/DOT/Annexations/2020/Annex_2020_Q2.shp Year "Long (large integer)" # # # # NULLABLE NON_REQUIRED #</Process><Process ToolSource="c:\program files\arcgis\pro\Resources\ArcToolbox\toolboxes\Data Management Tools.tbx\CalculateField" Date="20200306" Time="092935">CalculateField G:/GIS/Data/DOT/Annexations/2020/Annex_2020_Q2.shp Year !QtrYear! PYTHON_9.3 #</Process><Process ToolSource="c:\program files\arcgis\pro\Resources\ArcToolbox\toolboxes\Data Management Tools.tbx\DeleteField" Date="20200306" Time="092937">DeleteField G:/GIS/Data/DOT/Annexations/2020/Annex_2020_Q2.shp QtrYear</Process><Process ToolSource="c:\program files\arcgis\pro\Resources\ArcToolbox\toolboxes\Data Management Tools.tbx\CopyFeatures" Date="20200306" Time="120655">CopyFeatures G:/GIS/Data/DOT/Annexations/2020/Annex_2020_Q2.shp C:\Temp\anx_tmp.shp # # # #</Process><Process ToolSource="c:\program files\arcgis\pro\Resources\ArcToolbox\toolboxes\Data Management Tools.tbx\DeleteField" Date="20200306" Time="120656">DeleteField anx_tmp OBJECTID_1;Prelims;Shape_Leng;Shape_Area</Process><Process ToolSource="c:\program files\arcgis\pro\Resources\ArcToolbox\toolboxes\Data Management Tools.tbx\MultipartToSinglepart" Date="20200306" Time="120656">MultipartToSinglepart anx_tmp C:\Temp\anx_tmp_sp.shp</Process><Process ToolSource="c:\program files\arcgis\pro\Resources\ArcToolbox\toolboxes\Data Management Tools.tbx\AddField" Date="20200306" Time="120656">AddField anx_tmp_sp Parcel "Long (large integer)" # # # # NULLABLE NON_REQUIRED #</Process><Process ToolSource="c:\program files\arcgis\pro\Resources\ArcToolbox\toolboxes\Data Management Tools.tbx\AddField" Date="20200306" Time="120657">AddField anx_tmp_sp Acres "Double (double precision)" # # # # NULLABLE NON_REQUIRED #</Process><Process ToolSource="c:\program files\arcgis\pro\Resources\ArcToolbox\toolboxes\Data Management Tools.tbx\AddField" Date="20200306" Time="120657">AddField anx_tmp_sp Match_ID "Long (large integer)" # # # # NULLABLE NON_REQUIRED #</Process><Process ToolSource="c:\program files\arcgis\pro\Resources\ArcToolbox\toolboxes\Data Management Tools.tbx\AddField" Date="20200306" Time="120657">AddField anx_tmp_sp UID Text # # 36 # NULLABLE NON_REQUIRED #</Process><Process ToolSource="c:\program files\arcgis\pro\Resources\ArcToolbox\toolboxes\Data Management Tools.tbx\AddField" Date="20200306" Time="120657">AddField anx_tmp_sp Source Text # # 18 # NULLABLE NON_REQUIRED #</Process><Process ToolSource="c:\program files\arcgis\pro\Resources\ArcToolbox\toolboxes\Data Management Tools.tbx\CalculateField" Date="20200306" Time="120657">CalculateField anx_tmp_sp Acres !shape.area@ACRES! PYTHON_9.3 #</Process><Process ToolSource="c:\program files\arcgis\pro\Resources\ArcToolbox\toolboxes\Data Management Tools.tbx\CalculateField" Date="20200306" Time="120657">CalculateField anx_tmp_sp Match_ID !FID! PYTHON_9.3 #</Process><Process ToolSource="c:\program files\arcgis\pro\Resources\ArcToolbox\toolboxes\Data Management Tools.tbx\CalculateField" Date="20200306" Time="120657">CalculateField anx_tmp_sp UID "!NAME! + " - " + !OrdNum!" PYTHON_9.3 #</Process><Process ToolSource="c:\program files\arcgis\pro\Resources\ArcToolbox\toolboxes\Data Management Tools.tbx\CalculateField" Date="20200306" Time="120658">CalculateField anx_tmp_sp Source "WA_ANX_2020_Q2.shp" PYTHON_9.3 #</Process><Process ToolSource="c:\program files\arcgis\pro\Resources\ArcToolbox\toolboxes\Data Management Tools.tbx\DeleteField" Date="20200306" Time="120659">DeleteField anx_tmp_sp UID</Process><Process ToolSource="c:\program files\arcgis\pro\Resources\ArcToolbox\toolboxes\Data Management Tools.tbx\CopyFeatures" Date="20200306" Time="120706">CopyFeatures anx_tmp_sp G:\GIS\DATA\DOT\Annexations\WA_ANX_2020_Q2.shp # # # #</Process><Process ToolSource="c:\program files\arcgis\pro\Resources\ArcToolbox\toolboxes\Data Management Tools.tbx\CalculateField" Date="20200306" Time="152702">CalculateField WA_ANX_2020_Q2 Vintage !RELATE! "Python 3" #</Process><Process ToolSource="c:\program files\arcgis\pro\Resources\ArcToolbox\toolboxes\Data Management Tools.tbx\DeleteField" Date="20200306" Time="152849">DeleteField WA_ANX_2020_Q2 RELATE</Process><Process ToolSource="c:\program files\arcgis\pro\Resources\ArcToolbox\toolboxes\Data Management Tools.tbx\AddField" Date="20200306" Time="152917">AddField WA_ANX_2020_Q2 RELATE Text # # 3 # NULLABLE NON_REQUIRED #</Process><Process ToolSource="c:\program files\arcgis\pro\Resources\ArcToolbox\toolboxes\Data Management Tools.tbx\CalculateField" Date="20200306" Time="152935">CalculateField WA_ANX_2020_Q2 RELATE "IN" "Python 3" #</Process><Process ToolSource="c:\program files\arcgis\pro\Resources\ArcToolbox\toolboxes\Data Management Tools.tbx\AddField" Date="20200309" Time="094633">AddField WA_ANX_2020_Q2 JUSTIFY2 Text # # 255 # NULLABLE NON_REQUIRED #</Process><Process ToolSource="c:\program files\arcgis\pro\Resources\ArcToolbox\toolboxes\Data Management Tools.tbx\CalculateField" Date="20200309" Time="094651">CalculateField WA_ANX_2020_Q2 JUSTIFY2 !JUSTIFY! "Python 3" #</Process><Process ToolSource="c:\program files\arcgis\pro\Resources\ArcToolbox\toolboxes\Data Management Tools.tbx\DeleteField" Date="20200309" Time="094714">DeleteField WA_ANX_2020_Q2 JUSTIFY</Process><Process ToolSource="c:\program files\arcgis\pro\Resources\ArcToolbox\toolboxes\Data Management Tools.tbx\AddField" Date="20200309" Time="094819">AddField WA_ANX_2020_Q2 JUSTIFY Text # # 255 # NULLABLE NON_REQUIRED #</Process><Process ToolSource="c:\program files\arcgis\pro\Resources\ArcToolbox\toolboxes\Data Management Tools.tbx\CalculateField" Date="20200309" Time="094839">CalculateField WA_ANX_2020_Q2 JUSTIFY !JUSTIFY2! "Python 3" #</Process><Process ToolSource="c:\program files\arcgis\pro\Resources\ArcToolbox\toolboxes\Data Management Tools.tbx\DeleteField" Date="20200309" Time="094912">DeleteField WA_ANX_2020_Q2 JUSTIFY2</Process><Process ToolSource="c:\program files\arcgis\pro\Resources\ArcToolbox\toolboxes\Data Management Tools.tbx\Merge" Date="20200309" Time="104752">Merge WA_ANX_2020_Q2;StevensSpokane C:\GIS\Temp\__arcgis\MyGeodatabase.gdb\WA_ANX_2020_Q2_Merge "Match_ID "Match_ID" true true false 10 Long 0 10,First,#,WA_ANX_2020_Q2,Match_ID,-1,-1;StateFP "StateFP" true true false 2 Text 0 0,First,#,WA_ANX_2020_Q2,StateFP,0,2,StevensSpokane,STATEFP,0,2;PlaceFP "PlaceFP" true true false 5 Text 0 0,First,#,WA_ANX_2020_Q2,PlaceFP,0,5,StevensSpokane,PLACEFP,0,5;NAMELSAD "NAMELSAD" true true false 100 Text 0 0,First,#,WA_ANX_2020_Q2,NAMELSAD,0,100,StevensSpokane,NAMELSAD,0,100;PLACENS "PLACENS" true true false 8 Text 0 0,First,#,WA_ANX_2020_Q2,PLACENS,0,8,StevensSpokane,PLACENS,0,8;LSAD "LSAD" true true false 2 Text 0 0,First,#,WA_ANX_2020_Q2,LSAD,0,2,StevensSpokane,LSAD,0,2;FUNCSTAT "FUNCSTAT" true true false 1 Text 0 0,First,#,WA_ANX_2020_Q2,FUNCSTAT,0,1,StevensSpokane,FUNCSTAT,0,1;CLASSFP "CLASSFP" true true false 2 Text 0 0,First,#,WA_ANX_2020_Q2,CLASSFP,0,2,StevensSpokane,CLASSFP,0,2;PARTFLG "PARTFLG" true true false 1 Text 0 0,First,#,WA_ANX_2020_Q2,PARTFLG,0,1,StevensSpokane,PARTFLG,0,1;CHNG_TYPE "CHNG_TYPE" true true false 1 Text 0 0,First,#,WA_ANX_2020_Q2,CHNG_TYPE,0,1,StevensSpokane,CHNG_TYPE,0,2;Eff_date "Eff_date" true true false 8 Date 0 0,First,#,WA_ANX_2020_Q2,Eff_date,-1,-1,StevensSpokane,EFF_DATE,-1,-1;AUTHTYPE "AUTHTYPE" true true false 1 Text 0 0,First,#,WA_ANX_2020_Q2,AUTHTYPE,0,1,StevensSpokane,AUTHTYPE,0,1;DOCU "DOCU" true true false 12 Text 0 0,First,#,WA_ANX_2020_Q2,DOCU,0,12,StevensSpokane,DOCU,0,120;FORM_ID "FORM_ID" true true false 1 Text 0 0,First,#,WA_ANX_2020_Q2,FORM_ID,0,1,StevensSpokane,FORM_ID,0,4;AREA "AREA" true true false 1 Text 0 0,First,#,WA_ANX_2020_Q2,AREA,0,1,StevensSpokane,AREA,-1,-1;Name "Name" true true false 35 Text 0 0,First,#,WA_ANX_2020_Q2,Name,0,35,StevensSpokane,NAME,0,100;Vintage "Vintage" true true false 1 Text 0 0,First,#,WA_ANX_2020_Q2,Vintage,0,1,StevensSpokane,VINTAGE,0,2;RELATE "RELATE" true true false 3 Text 0 0,First,#,WA_ANX_2020_Q2,RELATE,0,3,StevensSpokane,RELATE,0,120;JUSTIFY "JUSTIFY" true true false 254 Text 0 0,First,#,WA_ANX_2020_Q2,JUSTIFY,0,254,StevensSpokane,JUSTIFY,0,150;OBJECTID "OBJECTID" true true false 10 Long 0 10,First,#,StevensSpokane,OBJECTID,-1,-1;COUNTYFP "COUNTYFP" true true false 3 Text 0 0,First,#,StevensSpokane,COUNTYFP,0,3;Shape_Leng "Shape_Leng" true true false 19 Double 0 0,First,#,StevensSpokane,Shape_Leng,-1,-1;Shape_Area "Shape_Area" true true false 19 Double 0 0,First,#,StevensSpokane,Shape_Area,-1,-1" NO_SOURCE_INFO</Process><Process ToolSource="c:\program files\arcgis\pro\Resources\ArcToolbox\toolboxes\Data Management Tools.tbx\DeleteField" Date="20200309" Time="112916">DeleteField WA_ANX_2020_Q2_Merge Shape_Leng;OBJECTID</Process><Process ToolSource="c:\program files\arcgis\pro\Resources\ArcToolbox\toolboxes\Data Management Tools.tbx\DeleteField" Date="20200309" Time="112949">DeleteField WA_ANX_2020_Q2_Merge Match_ID</Process><Process ToolSource="c:\program files\arcgis\pro\Resources\ArcToolbox\toolboxes\Conversion Tools.tbx\FeatureClassToFeatureClass" Date="20200309" Time="113833">FeatureClassToFeatureClass WA_ANX_2020_Q2_Merge G:\POP\CENSUS\2020\Boundary_Validation_Program\Submission WA_ANX_2020_Q2_Merge.shp # "StateFP "StateFP" true true false 2 Text 0 0,First,#,WA_ANX_2020_Q2_Merge,StateFP,0,2;PlaceFP "PlaceFP" true true false 5 Text 0 0,First,#,WA_ANX_2020_Q2_Merge,PlaceFP,0,5;NAMELSAD "NAMELSAD" true true false 100 Text 0 0,First,#,WA_ANX_2020_Q2_Merge,NAMELSAD,0,100;PLACENS "PLACENS" true true false 8 Text 0 0,First,#,WA_ANX_2020_Q2_Merge,PLACENS,0,8;LSAD "LSAD" true true false 2 Text 0 0,First,#,WA_ANX_2020_Q2_Merge,LSAD,0,2;FUNCSTAT "FUNCSTAT" true true false 1 Text 0 0,First,#,WA_ANX_2020_Q2_Merge,FUNCSTAT,0,1;CLASSFP "CLASSFP" true true false 2 Text 0 0,First,#,WA_ANX_2020_Q2_Merge,CLASSFP,0,2;PARTFLG "PARTFLG" true true false 1 Text 0 0,First,#,WA_ANX_2020_Q2_Merge,PARTFLG,0,1;CHNG_TYPE "CHNG_TYPE" true true false 1 Text 0 0,First,#,WA_ANX_2020_Q2_Merge,CHNG_TYPE,0,1;Eff_date "Eff_date" true true false 8 Date 0 0,First,#,WA_ANX_2020_Q2_Merge,Eff_date,-1,-1;AUTHTYPE "AUTHTYPE" true true false 1 Text 0 0,First,#,WA_ANX_2020_Q2_Merge,AUTHTYPE,0,1;DOCU "DOCU" true true false 12 Text 0 0,First,#,WA_ANX_2020_Q2_Merge,DOCU,0,12;FORM_ID "FORM_ID" true true false 1 Text 0 0,First,#,WA_ANX_2020_Q2_Merge,FORM_ID,0,1;AREA "AREA" true true false 1 Text 0 0,First,#,WA_ANX_2020_Q2_Merge,AREA,0,1;Name "Name" true true false 35 Text 0 0,First,#,WA_ANX_2020_Q2_Merge,Name,0,35;Vintage "Vintage" true true false 1 Text 0 0,First,#,WA_ANX_2020_Q2_Merge,Vintage,0,1;RELATE "RELATE" true true false 3 Text 0 0,First,#,WA_ANX_2020_Q2_Merge,RELATE,0,3;JUSTIFY "JUSTIFY" true true false 254 Text 0 0,First,#,WA_ANX_2020_Q2_Merge,JUSTIFY,0,254;COUNTYFP "COUNTYFP" true true false 3 Text 0 0,First,#,WA_ANX_2020_Q2_Merge,COUNTYFP,0,3;Shape_Leng "Shape_Length" false true true 8 Double 0 0,First,#,WA_ANX_2020_Q2_Merge,Shape_Length,-1,-1;Shape_Area "Shape_Area" false true true 8 Double 0 0,First,#,WA_ANX_2020_Q2_Merge,Shape_Area,-1,-1" #</Process><Process ToolSource="c:\program files\arcgis\pro\Resources\ArcToolbox\toolboxes\Data Management Tools.tbx\CalculateField" Date="20200310" Time="102407">CalculateField WA_ANX_2020_Q2 Eff_date '1/01/2010' "Python 3" #</Process><Process ToolSource="c:\program files\arcgis\pro\Resources\ArcToolbox\toolboxes\Data Management Tools.tbx\CopyFeatures" Date="20200317" Time="181010">CopyFeatures C:/Temp/WA_Anx_Info_20200310/WA_ANX_2020_Q2.shp G:\GIS\Projects\CENSUS\BAS\Submitted\BAS_submission.gdb\WA_ANX_2020_Q2 # # # #</Process><Process ToolSource="c:\program files\arcgis\pro\Resources\ArcToolbox\toolboxes\Data Management Tools.tbx\AddField" Date="20200317" Time="181055">AddField WA_ANX_2020_Q2_Layer A_Date Date # # # # NULLABLE NON_REQUIRED #</Process><Process ToolSource="c:\program files\arcgis\pro\Resources\ArcToolbox\toolboxes\Data Management Tools.tbx\CalculateField" Date="20200317" Time="181107">CalculateField WA_ANX_2020_Q2_Layer A_Date getdate(!JUSTIFY!) "Python 3" "def getdate(fixdate):

    holder= fixdate.lstrip("OFM approval on ")
    date=holder.rstrip(".")
    return date"</Process><Process ToolSource="c:\program files\arcgis\pro\Resources\ArcToolbox\toolboxes\Data Management Tools.tbx\CalculateField" Date="20200317" Time="181119">CalculateField WA_ANX_2020_Q2_Layer A_Date !Eff_date! "Python 3" #</Process><Process ToolSource="c:\program files\arcgis\pro\Resources\ArcToolbox\toolboxes\Data Management Tools.tbx\AddField" Date="20210608" Time="153316">AddField G:\GIS\Projects\CENSUS\BAS\Submitted\BAS_submission.gdb\WA_ANX_2020_Q2 INCLUDE "Short (small integer)" 1 # # # NULLABLE NON_REQUIRED #</Process><Process ToolSource="c:\program files\arcgis\pro\Resources\ArcToolbox\toolboxes\Data Management Tools.tbx\CalculateField" Date="20210608" Time="153317">CalculateField G:\GIS\Projects\CENSUS\BAS\Submitted\BAS_submission.gdb\WA_ANX_2020_Q2 INCLUDE 0 "Python 3" # Text NO_ENFORCE_DOMAINS</Process><Process ToolSource="c:\program files\arcgis\pro\Resources\ArcToolbox\toolboxes\Data Management Tools.tbx\Project" Date="20210610" Time="171525">Project WA_ANX_2020_Q2 Z:\GIS\Projects\CENSUS\BAS\Submitted\BAS_submission.gdb\WA_ANX_2020_Q2_fix GEOGCS["GCS_North_American_1983",DATUM["D_North_American_1983",SPHEROID["GRS_1980",6378137.0,298.257222101]],PRIMEM["Greenwich",0.0],UNIT["Degree",0.0174532925199433]] NAD_1983_To_HARN_WA_OR PROJCS["NAD_1983_HARN_StatePlane_Washington_South_FIPS_4602_Feet",GEOGCS["GCS_North_American_1983_HARN",DATUM["D_North_American_1983_HARN",SPHEROID["GRS_1980",6378137.0,298.257222101]],PRIMEM["Greenwich",0.0],UNIT["Degree",0.0174532925199433]],PROJECTION["Lambert_Conformal_Conic"],PARAMETER["False_Easting",1640416.666666667],PARAMETER["False_Northing",0.0],PARAMETER["Central_Meridian",-120.5],PARAMETER["Standard_Parallel_1",45.83333333333334],PARAMETER["Standard_Parallel_2",47.33333333333334],PARAMETER["Latitude_Of_Origin",45.33333333333334],UNIT["Foot_US",0.3048006096012192]] NO_PRESERVE_SHAPE # NO_VERTICAL</Process><Process ToolSource="c:\program files\arcgis\pro\Resources\ArcToolbox\toolboxes\Data Management Tools.tbx\Rename" Date="20210610" Time="171618">Rename Z:\GIS\Projects\CENSUS\BAS\Submitted\BAS_submission.gdb\WA_ANX_2020_Q2_fix Z:\GIS\Projects\CENSUS\BAS\Submitted\BAS_submission.gdb\WA_ANX_2020_Q2 FeatureClass</Process><Process ToolSource="c:\program files\arcgis\pro\Resources\ArcToolbox\toolboxes\Data Management Tools.tbx\Merge" Date="20230601" Time="165736">Merge G:\GIS\Projects\CENSUS\BAS\Submitted\BAS_submission.gdb\WA_ANX_2020_Q2;G:\GIS\Projects\CENSUS\BAS\Submitted\BAS_submission.gdb\WA_ANX_2020_Q3;G:\GIS\Projects\CENSUS\BAS\Submitted\BAS_submission.gdb\WA_ANX_2020_Q4;G:\GIS\Projects\CENSUS\BAS\Submitted\BAS_submission.gdb\WA_ANX_2021_Q1;G:\GIS\Projects\CENSUS\BAS\Submitted\BAS_submission.gdb\WA_ANX_2021_Q2;G:\GIS\Projects\CENSUS\BAS\Submitted\BAS_submission.gdb\WA_ANX_2021_Q3;G:\GIS\Projects\CENSUS\BAS\Submitted\BAS_submission.gdb\WA_ANX_2021_Q4;G:\GIS\Projects\CENSUS\BAS\Submitted\BAS_submission.gdb\WA_ANX_2022_Q1;G:\GIS\Projects\CENSUS\BAS\Submitted\BAS_submission.gdb\WA_ANX_2022_Q2;G:\GIS\Projects\CENSUS\BAS\Submitted\BAS_submission.gdb\WA_ANX_2022_Q3;G:\GIS\Projects\CENSUS\BAS\Submitted\BAS_submission.gdb\WA_ANX_2022_Q4;G:\GIS\Projects\CENSUS\BAS\Submitted\BAS_submission.gdb\WA_ANX_2023_Q1;G:\GIS\Projects\CENSUS\BAS\Submitted\BAS_submission.gdb\WA_ANX_2023_Q2 C:\GIS\Temp\__arcgis\MyGeodatabase.gdb\OFM_BAS "StateFP "StateFP" true true false 2 Text 0 0,First,#,G:\GIS\Projects\CENSUS\BAS\Submitted\BAS_submission.gdb\WA_ANX_2020_Q2,StateFP,0,2,G:\GIS\Projects\CENSUS\BAS\Submitted\BAS_submission.gdb\WA_ANX_2020_Q3,StateFP,0,2,G:\GIS\Projects\CENSUS\BAS\Submitted\BAS_submission.gdb\WA_ANX_2020_Q4,StateFP,0,2,G:\GIS\Projects\CENSUS\BAS\Submitted\BAS_submission.gdb\WA_ANX_2021_Q1,StateFP,0,2,G:\GIS\Projects\CENSUS\BAS\Submitted\BAS_submission.gdb\WA_ANX_2021_Q2,StateFP,0,2,G:\GIS\Projects\CENSUS\BAS\Submitted\BAS_submission.gdb\WA_ANX_2021_Q3,StateFP,0,2,G:\GIS\Projects\CENSUS\BAS\Submitted\BAS_submission.gdb\WA_ANX_2021_Q4,StateFP,0,2,G:\GIS\Projects\CENSUS\BAS\Submitted\BAS_submission.gdb\WA_ANX_2022_Q1,StateFP,0,2,G:\GIS\Projects\CENSUS\BAS\Submitted\BAS_submission.gdb\WA_ANX_2022_Q2,StateFP,0,2,G:\GIS\Projects\CENSUS\BAS\Submitted\BAS_submission.gdb\WA_ANX_2022_Q3,StateFP,0,2,G:\GIS\Projects\CENSUS\BAS\Submitted\BAS_submission.gdb\WA_ANX_2022_Q4,StateFP,0,2,G:\GIS\Projects\CENSUS\BAS\Submitted\BAS_submission.gdb\WA_ANX_2023_Q1,StateFP,0,2,G:\GIS\Projects\CENSUS\BAS\Submitted\BAS_submission.gdb\WA_ANX_2023_Q2,StateFP,0,2;PlaceFP "PlaceFP" true true false 5 Text 0 0,First,#,G:\GIS\Projects\CENSUS\BAS\Submitted\BAS_submission.gdb\WA_ANX_2020_Q2,PlaceFP,0,5,G:\GIS\Projects\CENSUS\BAS\Submitted\BAS_submission.gdb\WA_ANX_2020_Q3,PlaceFP,0,5,G:\GIS\Projects\CENSUS\BAS\Submitted\BAS_submission.gdb\WA_ANX_2020_Q4,PlaceFP,0,5,G:\GIS\Projects\CENSUS\BAS\Submitted\BAS_submission.gdb\WA_ANX_2021_Q1,PlaceFP,0,5,G:\GIS\Projects\CENSUS\BAS\Submitted\BAS_submission.gdb\WA_ANX_2021_Q2,PlaceFP,0,5,G:\GIS\Projects\CENSUS\BAS\Submitted\BAS_submission.gdb\WA_ANX_2021_Q3,PlaceFP,0,5,G:\GIS\Projects\CENSUS\BAS\Submitted\BAS_submission.gdb\WA_ANX_2021_Q4,PlaceFP,0,5,G:\GIS\Projects\CENSUS\BAS\Submitted\BAS_submission.gdb\WA_ANX_2022_Q1,PLACEFP,0,5,G:\GIS\Projects\CENSUS\BAS\Submitted\BAS_submission.gdb\WA_ANX_2022_Q2,PLACEFP,0,5,G:\GIS\Projects\CENSUS\BAS\Submitted\BAS_submission.gdb\WA_ANX_2022_Q3,PLACEFP,0,5,G:\GIS\Projects\CENSUS\BAS\Submitted\BAS_submission.gdb\WA_ANX_2022_Q4,PLACEFP,0,5,G:\GIS\Projects\CENSUS\BAS\Submitted\BAS_submission.gdb\WA_ANX_2023_Q1,PLACEFP,0,5,G:\GIS\Projects\CENSUS\BAS\Submitted\BAS_submission.gdb\WA_ANX_2023_Q2,PLACEFP,0,5;NAMELSAD "NAMELSAD" true true false 100 Text 0 0,First,#,G:\GIS\Projects\CENSUS\BAS\Submitted\BAS_submission.gdb\WA_ANX_2020_Q2,NAMELSAD,0,100,G:\GIS\Projects\CENSUS\BAS\Submitted\BAS_submission.gdb\WA_ANX_2020_Q3,NAMELSAD,0,100,G:\GIS\Projects\CENSUS\BAS\Submitted\BAS_submission.gdb\WA_ANX_2020_Q4,NAMELSAD,0,100,G:\GIS\Projects\CENSUS\BAS\Submitted\BAS_submission.gdb\WA_ANX_2021_Q1,NAMELSAD,0,100,G:\GIS\Projects\CENSUS\BAS\Submitted\BAS_submission.gdb\WA_ANX_2021_Q2,NAMELSAD,0,100,G:\GIS\Projects\CENSUS\BAS\Submitted\BAS_submission.gdb\WA_ANX_2021_Q3,NAMELSAD,0,100,G:\GIS\Projects\CENSUS\BAS\Submitted\BAS_submission.gdb\WA_ANX_2021_Q4,NAMELSAD,0,100,G:\GIS\Projects\CENSUS\BAS\Submitted\BAS_submission.gdb\WA_ANX_2022_Q1,NAMELSAD,0,23,G:\GIS\Projects\CENSUS\BAS\Submitted\BAS_submission.gdb\WA_ANX_2022_Q2,NAMELSAD,0,23,G:\GIS\Projects\CENSUS\BAS\Submitted\BAS_submission.gdb\WA_ANX_2022_Q3,NAMELSAD,0,23,G:\GIS\Projects\CENSUS\BAS\Submitted\BAS_submission.gdb\WA_ANX_2022_Q4,NAMELSAD,0,23,G:\GIS\Projects\CENSUS\BAS\Submitted\BAS_submission.gdb\WA_ANX_2023_Q1,NAMELSAD,0,23,G:\GIS\Projects\CENSUS\BAS\Submitted\BAS_submission.gdb\WA_ANX_2023_Q2,NAMELSAD,0,23;PLACENS "PLACENS" true true false 8 Text 0 0,First,#,G:\GIS\Projects\CENSUS\BAS\Submitted\BAS_submission.gdb\WA_ANX_2020_Q2,PLACENS,0,8,G:\GIS\Projects\CENSUS\BAS\Submitted\BAS_submission.gdb\WA_ANX_2020_Q3,PLACENS,0,8,G:\GIS\Projects\CENSUS\BAS\Submitted\BAS_submission.gdb\WA_ANX_2020_Q4,PLACENS,0,8,G:\GIS\Projects\CENSUS\BAS\Submitted\BAS_submission.gdb\WA_ANX_2021_Q1,PLACENS,0,8,G:\GIS\Projects\CENSUS\BAS\Submitted\BAS_submission.gdb\WA_ANX_2021_Q2,PLACENS,0,8,G:\GIS\Projects\CENSUS\BAS\Submitted\BAS_submission.gdb\WA_ANX_2021_Q3,PLACENS,0,8,G:\GIS\Projects\CENSUS\BAS\Submitted\BAS_submission.gdb\WA_ANX_2021_Q4,PLACENS,0,8,G:\GIS\Projects\CENSUS\BAS\Submitted\BAS_submission.gdb\WA_ANX_2022_Q1,PLACENS,0,8,G:\GIS\Projects\CENSUS\BAS\Submitted\BAS_submission.gdb\WA_ANX_2022_Q2,PLACENS,0,8,G:\GIS\Projects\CENSUS\BAS\Submitted\BAS_submission.gdb\WA_ANX_2022_Q3,PLACENS,0,8,G:\GIS\Projects\CENSUS\BAS\Submitted\BAS_submission.gdb\WA_ANX_2022_Q4,PLACENS,0,8,G:\GIS\Projects\CENSUS\BAS\Submitted\BAS_submission.gdb\WA_ANX_2023_Q1,PLACENS,0,8,G:\GIS\Projects\CENSUS\BAS\Submitted\BAS_submission.gdb\WA_ANX_2023_Q2,PLACENS,0,8;LSAD "LSAD" true true false 2 Text 0 0,First,#,G:\GIS\Projects\CENSUS\BAS\Submitted\BAS_submission.gdb\WA_ANX_2020_Q2,LSAD,0,2,G:\GIS\Projects\CENSUS\BAS\Submitted\BAS_submission.gdb\WA_ANX_2020_Q3,LSAD,0,2,G:\GIS\Projects\CENSUS\BAS\Submitted\BAS_submission.gdb\WA_ANX_2020_Q4,LSAD,0,2,G:\GIS\Projects\CENSUS\BAS\Submitted\BAS_submission.gdb\WA_ANX_2021_Q1,LSAD,0,2,G:\GIS\Projects\CENSUS\BAS\Submitted\BAS_submission.gdb\WA_ANX_2021_Q2,LSAD,0,2,G:\GIS\Projects\CENSUS\BAS\Submitted\BAS_submission.gdb\WA_ANX_2021_Q3,LSAD,0,2,G:\GIS\Projects\CENSUS\BAS\Submitted\BAS_submission.gdb\WA_ANX_2021_Q4,LSAD,0,2,G:\GIS\Projects\CENSUS\BAS\Submitted\BAS_submission.gdb\WA_ANX_2022_Q1,LSAD,0,2,G:\GIS\Projects\CENSUS\BAS\Submitted\BAS_submission.gdb\WA_ANX_2022_Q2,LSAD,0,2,G:\GIS\Projects\CENSUS\BAS\Submitted\BAS_submission.gdb\WA_ANX_2022_Q3,LSAD,0,2,G:\GIS\Projects\CENSUS\BAS\Submitted\BAS_submission.gdb\WA_ANX_2022_Q4,LSAD,0,2,G:\GIS\Projects\CENSUS\BAS\Submitted\BAS_submission.gdb\WA_ANX_2023_Q1,LSAD,0,2,G:\GIS\Projects\CENSUS\BAS\Submitted\BAS_submission.gdb\WA_ANX_2023_Q2,LSAD,0,2;FUNCSTAT "FUNCSTAT" true true false 1 Text 0 0,First,#,G:\GIS\Projects\CENSUS\BAS\Submitted\BAS_submission.gdb\WA_ANX_2020_Q2,FUNCSTAT,0,1,G:\GIS\Projects\CENSUS\BAS\Submitted\BAS_submission.gdb\WA_ANX_2020_Q3,FUNCSTAT,0,1,G:\GIS\Projects\CENSUS\BAS\Submitted\BAS_submission.gdb\WA_ANX_2020_Q4,FUNCSTAT,0,1,G:\GIS\Projects\CENSUS\BAS\Submitted\BAS_submission.gdb\WA_ANX_2021_Q1,FUNCSTAT,0,1,G:\GIS\Projects\CENSUS\BAS\Submitted\BAS_submission.gdb\WA_ANX_2021_Q2,FUNCSTAT,0,1,G:\GIS\Projects\CENSUS\BAS\Submitted\BAS_submission.gdb\WA_ANX_2021_Q3,FUNCSTAT,0,1,G:\GIS\Projects\CENSUS\BAS\Submitted\BAS_submission.gdb\WA_ANX_2021_Q4,FUNCSTAT,0,1,G:\GIS\Projects\CENSUS\BAS\Submitted\BAS_submission.gdb\WA_ANX_2022_Q1,FUNCSTAT,0,1,G:\GIS\Projects\CENSUS\BAS\Submitted\BAS_submission.gdb\WA_ANX_2022_Q2,FUNCSTAT,0,1,G:\GIS\Projects\CENSUS\BAS\Submitted\BAS_submission.gdb\WA_ANX_2022_Q3,FUNCSTAT,0,1,G:\GIS\Projects\CENSUS\BAS\Submitted\BAS_submission.gdb\WA_ANX_2022_Q4,FUNCSTAT,0,1,G:\GIS\Projects\CENSUS\BAS\Submitted\BAS_submission.gdb\WA_ANX_2023_Q1,FUNCSTAT,0,1,G:\GIS\Projects\CENSUS\BAS\Submitted\BAS_submission.gdb\WA_ANX_2023_Q2,FUNCSTAT,0,1;CLASSFP "CLASSFP" true true false 2 Text 0 0,First,#,G:\GIS\Projects\CENSUS\BAS\Submitted\BAS_submission.gdb\WA_ANX_2020_Q2,CLASSFP,0,2,G:\GIS\Projects\CENSUS\BAS\Submitted\BAS_submission.gdb\WA_ANX_2020_Q3,CLASSFP,0,2,G:\GIS\Projects\CENSUS\BAS\Submitted\BAS_submission.gdb\WA_ANX_2020_Q4,CLASSFP,0,2,G:\GIS\Projects\CENSUS\BAS\Submitted\BAS_submission.gdb\WA_ANX_2021_Q1,CLASSFP,0,2,G:\GIS\Projects\CENSUS\BAS\Submitted\BAS_submission.gdb\WA_ANX_2021_Q2,CLASSFP,0,2,G:\GIS\Projects\CENSUS\BAS\Submitted\BAS_submission.gdb\WA_ANX_2021_Q3,CLASSFP,0,2,G:\GIS\Projects\CENSUS\BAS\Submitted\BAS_submission.gdb\WA_ANX_2021_Q4,CLASSFP,0,2,G:\GIS\Projects\CENSUS\BAS\Submitted\BAS_submission.gdb\WA_ANX_2022_Q1,CLASSFP,0,2,G:\GIS\Projects\CENSUS\BAS\Submitted\BAS_submission.gdb\WA_ANX_2022_Q2,CLASSFP,0,2,G:\GIS\Projects\CENSUS\BAS\Submitted\BAS_submission.gdb\WA_ANX_2022_Q3,CLASSFP,0,2,G:\GIS\Projects\CENSUS\BAS\Submitted\BAS_submission.gdb\WA_ANX_2022_Q4,CLASSFP,0,2,G:\GIS\Projects\CENSUS\BAS\Submitted\BAS_submission.gdb\WA_ANX_2023_Q1,CLASSFP,0,2,G:\GIS\Projects\CENSUS\BAS\Submitted\BAS_submission.gdb\WA_ANX_2023_Q2,CLASSFP,0,2;PARTFLG "PARTFLG" true true false 1 Text 0 0,First,#,G:\GIS\Projects\CENSUS\BAS\Submitted\BAS_submission.gdb\WA_ANX_2020_Q2,PARTFLG,0,1,G:\GIS\Projects\CENSUS\BAS\Submitted\BAS_submission.gdb\WA_ANX_2020_Q3,PARTFLG,0,1,G:\GIS\Projects\CENSUS\BAS\Submitted\BAS_submission.gdb\WA_ANX_2020_Q4,PARTFLG,0,1,G:\GIS\Projects\CENSUS\BAS\Submitted\BAS_submission.gdb\WA_ANX_2021_Q1,PARTFLG,0,1,G:\GIS\Projects\CENSUS\BAS\Submitted\BAS_submission.gdb\WA_ANX_2021_Q2,PARTFLG,0,1,G:\GIS\Projects\CENSUS\BAS\Submitted\BAS_submission.gdb\WA_ANX_2021_Q3,PARTFLG,0,1,G:\GIS\Projects\CENSUS\BAS\Submitted\BAS_submission.gdb\WA_ANX_2021_Q4,PARTFLG,0,1,G:\GIS\Projects\CENSUS\BAS\Submitted\BAS_submission.gdb\WA_ANX_2022_Q1,PARTFLG,0,1,G:\GIS\Projects\CENSUS\BAS\Submitted\BAS_submission.gdb\WA_ANX_2022_Q2,PARTFLG,0,1,G:\GIS\Projects\CENSUS\BAS\Submitted\BAS_submission.gdb\WA_ANX_2022_Q3,PARTFLG,0,1,G:\GIS\Projects\CENSUS\BAS\Submitted\BAS_submission.gdb\WA_ANX_2022_Q4,PARTFLG,0,1,G:\GIS\Projects\CENSUS\BAS\Submitted\BAS_submission.gdb\WA_ANX_2023_Q1,PARTFLG,0,1,G:\GIS\Projects\CENSUS\BAS\Submitted\BAS_submission.gdb\WA_ANX_2023_Q2,PARTFLG,0,1;CHNG_TYPE "CHNG_TYPE" true true false 1 Text 0 0,First,#,G:\GIS\Projects\CENSUS\BAS\Submitted\BAS_submission.gdb\WA_ANX_2020_Q2,CHNG_TYPE,0,1,G:\GIS\Projects\CENSUS\BAS\Submitted\BAS_submission.gdb\WA_ANX_2020_Q3,CHNG_TYPE,0,1,G:\GIS\Projects\CENSUS\BAS\Submitted\BAS_submission.gdb\WA_ANX_2020_Q4,CHNG_TYPE,0,1,G:\GIS\Projects\CENSUS\BAS\Submitted\BAS_submission.gdb\WA_ANX_2021_Q1,CHNG_TYPE,0,1,G:\GIS\Projects\CENSUS\BAS\Submitted\BAS_submission.gdb\WA_ANX_2021_Q2,CHNG_TYPE,0,1,G:\GIS\Projects\CENSUS\BAS\Submitted\BAS_submission.gdb\WA_ANX_2021_Q3,CHNG_TYPE,0,1,G:\GIS\Projects\CENSUS\BAS\Submitted\BAS_submission.gdb\WA_ANX_2021_Q4,CHNG_TYPE,0,1,G:\GIS\Projects\CENSUS\BAS\Submitted\BAS_submission.gdb\WA_ANX_2022_Q1,CHNG_TYPE,0,1,G:\GIS\Projects\CENSUS\BAS\Submitted\BAS_submission.gdb\WA_ANX_2022_Q2,CHNG_TYPE,0,1,G:\GIS\Projects\CENSUS\BAS\Submitted\BAS_submission.gdb\WA_ANX_2022_Q3,CHNG_TYPE,0,1,G:\GIS\Projects\CENSUS\BAS\Submitted\BAS_submission.gdb\WA_ANX_2022_Q4,CHNG_TYPE,0,1,G:\GIS\Projects\CENSUS\BAS\Submitted\BAS_submission.gdb\WA_ANX_2023_Q1,CHNG_TYPE,0,1,G:\GIS\Projects\CENSUS\BAS\Submitted\BAS_submission.gdb\WA_ANX_2023_Q2,CHNG_TYPE,0,1;Eff_date "Eff_date" true true false 8 Date 0 0,First,#,G:\GIS\Projects\CENSUS\BAS\Submitted\BAS_submission.gdb\WA_ANX_2020_Q2,Eff_date,-1,-1,G:\GIS\Projects\CENSUS\BAS\Submitted\BAS_submission.gdb\WA_ANX_2020_Q3,Eff_date,-1,-1,G:\GIS\Projects\CENSUS\BAS\Submitted\BAS_submission.gdb\WA_ANX_2020_Q4,Eff_date,-1,-1,G:\GIS\Projects\CENSUS\BAS\Submitted\BAS_submission.gdb\WA_ANX_2021_Q1,Eff_date,-1,-1,G:\GIS\Projects\CENSUS\BAS\Submitted\BAS_submission.gdb\WA_ANX_2021_Q2,Eff_date,-1,-1,G:\GIS\Projects\CENSUS\BAS\Submitted\BAS_submission.gdb\WA_ANX_2021_Q3,Eff_date,-1,-1,G:\GIS\Projects\CENSUS\BAS\Submitted\BAS_submission.gdb\WA_ANX_2021_Q4,Eff_date,-1,-1,G:\GIS\Projects\CENSUS\BAS\Submitted\BAS_submission.gdb\WA_ANX_2022_Q1,Eff_date,-1,-1,G:\GIS\Projects\CENSUS\BAS\Submitted\BAS_submission.gdb\WA_ANX_2022_Q2,Eff_date,-1,-1,G:\GIS\Projects\CENSUS\BAS\Submitted\BAS_submission.gdb\WA_ANX_2022_Q3,Eff_date,-1,-1,G:\GIS\Projects\CENSUS\BAS\Submitted\BAS_submission.gdb\WA_ANX_2022_Q4,Eff_date,-1,-1,G:\GIS\Projects\CENSUS\BAS\Submitted\BAS_submission.gdb\WA_ANX_2023_Q1,Eff_date,-1,-1,G:\GIS\Projects\CENSUS\BAS\Submitted\BAS_submission.gdb\WA_ANX_2023_Q2,Eff_date,-1,-1;AUTHTYPE "AUTHTYPE" true true false 1 Text 0 0,First,#,G:\GIS\Projects\CENSUS\BAS\Submitted\BAS_submission.gdb\WA_ANX_2020_Q2,AUTHTYPE,0,1,G:\GIS\Projects\CENSUS\BAS\Submitted\BAS_submission.gdb\WA_ANX_2020_Q3,AUTHTYPE,0,1,G:\GIS\Projects\CENSUS\BAS\Submitted\BAS_submission.gdb\WA_ANX_2020_Q4,AUTHTYPE,0,1,G:\GIS\Projects\CENSUS\BAS\Submitted\BAS_submission.gdb\WA_ANX_2021_Q1,AUTHTYPE,0,1,G:\GIS\Projects\CENSUS\BAS\Submitted\BAS_submission.gdb\WA_ANX_2021_Q2,AUTHTYPE,0,1,G:\GIS\Projects\CENSUS\BAS\Submitted\BAS_submission.gdb\WA_ANX_2021_Q3,AUTHTYPE,0,1,G:\GIS\Projects\CENSUS\BAS\Submitted\BAS_submission.gdb\WA_ANX_2021_Q4,AUTHTYPE,0,1,G:\GIS\Projects\CENSUS\BAS\Submitted\BAS_submission.gdb\WA_ANX_2022_Q1,AUTHTYPE,0,1,G:\GIS\Projects\CENSUS\BAS\Submitted\BAS_submission.gdb\WA_ANX_2022_Q2,AUTHTYPE,0,1,G:\GIS\Projects\CENSUS\BAS\Submitted\BAS_submission.gdb\WA_ANX_2022_Q3,AUTHTYPE,0,1,G:\GIS\Projects\CENSUS\BAS\Submitted\BAS_submission.gdb\WA_ANX_2022_Q4,AUTHTYPE,0,1,G:\GIS\Projects\CENSUS\BAS\Submitted\BAS_submission.gdb\WA_ANX_2023_Q1,AUTHTYPE,0,1,G:\GIS\Projects\CENSUS\BAS\Submitted\BAS_submission.gdb\WA_ANX_2023_Q2,AUTHTYPE,0,1;DOCU "DOCU" true true false 12 Text 0 0,First,#,G:\GIS\Projects\CENSUS\BAS\Submitted\BAS_submission.gdb\WA_ANX_2020_Q2,DOCU,0,12,G:\GIS\Projects\CENSUS\BAS\Submitted\BAS_submission.gdb\WA_ANX_2020_Q3,DOCU,0,12,G:\GIS\Projects\CENSUS\BAS\Submitted\BAS_submission.gdb\WA_ANX_2020_Q4,DOCU,0,12,G:\GIS\Projects\CENSUS\BAS\Submitted\BAS_submission.gdb\WA_ANX_2021_Q1,DOCU,0,12,G:\GIS\Projects\CENSUS\BAS\Submitted\BAS_submission.gdb\WA_ANX_2021_Q2,DOCU,0,12,G:\GIS\Projects\CENSUS\BAS\Submitted\BAS_submission.gdb\WA_ANX_2021_Q3,DOCU,0,12,G:\GIS\Projects\CENSUS\BAS\Submitted\BAS_submission.gdb\WA_ANX_2021_Q4,DOCU,0,12,G:\GIS\Projects\CENSUS\BAS\Submitted\BAS_submission.gdb\WA_ANX_2022_Q1,DOCU,0,12,G:\GIS\Projects\CENSUS\BAS\Submitted\BAS_submission.gdb\WA_ANX_2022_Q2,DOCU,0,12,G:\GIS\Projects\CENSUS\BAS\Submitted\BAS_submission.gdb\WA_ANX_2022_Q3,DOCU,0,12,G:\GIS\Projects\CENSUS\BAS\Submitted\BAS_submission.gdb\WA_ANX_2022_Q4,DOCU,0,12,G:\GIS\Projects\CENSUS\BAS\Submitted\BAS_submission.gdb\WA_ANX_2023_Q1,DOCU,0,12,G:\GIS\Projects\CENSUS\BAS\Submitted\BAS_submission.gdb\WA_ANX_2023_Q2,DOCU,0,12;FORM_ID "FORM_ID" true true false 1 Text 0 0,First,#,G:\GIS\Projects\CENSUS\BAS\Submitted\BAS_submission.gdb\WA_ANX_2020_Q2,FORM_ID,0,1,G:\GIS\Projects\CENSUS\BAS\Submitted\BAS_submission.gdb\WA_ANX_2020_Q3,FORM_ID,0,1,G:\GIS\Projects\CENSUS\BAS\Submitted\BAS_submission.gdb\WA_ANX_2020_Q4,FORM_ID,0,1,G:\GIS\Projects\CENSUS\BAS\Submitted\BAS_submission.gdb\WA_ANX_2021_Q1,FORM_ID,0,1,G:\GIS\Projects\CENSUS\BAS\Submitted\BAS_submission.gdb\WA_ANX_2021_Q2,FORM_ID,0,1,G:\GIS\Projects\CENSUS\BAS\Submitted\BAS_submission.gdb\WA_ANX_2021_Q3,FORM_ID,0,1,G:\GIS\Projects\CENSUS\BAS\Submitted\BAS_submission.gdb\WA_ANX_2021_Q4,FORM_ID,0,1,G:\GIS\Projects\CENSUS\BAS\Submitted\BAS_submission.gdb\WA_ANX_2022_Q1,FORM_ID,0,1,G:\GIS\Projects\CENSUS\BAS\Submitted\BAS_submission.gdb\WA_ANX_2022_Q2,FORM_ID,0,1,G:\GIS\Projects\CENSUS\BAS\Submitted\BAS_submission.gdb\WA_ANX_2022_Q3,FORM_ID,0,1,G:\GIS\Projects\CENSUS\BAS\Submitted\BAS_submission.gdb\WA_ANX_2022_Q4,FORM_ID,0,1,G:\GIS\Projects\CENSUS\BAS\Submitted\BAS_submission.gdb\WA_ANX_2023_Q1,FORM_ID,0,1,G:\GIS\Projects\CENSUS\BAS\Submitted\BAS_submission.gdb\WA_ANX_2023_Q2,FORM_ID,0,1;AREA "AREA" true true false 1 Text 0 0,First,#,G:\GIS\Projects\CENSUS\BAS\Submitted\BAS_submission.gdb\WA_ANX_2020_Q2,AREA,0,1,G:\GIS\Projects\CENSUS\BAS\Submitted\BAS_submission.gdb\WA_ANX_2020_Q3,AREA,0,1,G:\GIS\Projects\CENSUS\BAS\Submitted\BAS_submission.gdb\WA_ANX_2020_Q4,AREA,0,1,G:\GIS\Projects\CENSUS\BAS\Submitted\BAS_submission.gdb\WA_ANX_2021_Q1,AREA,0,1,G:\GIS\Projects\CENSUS\BAS\Submitted\BAS_submission.gdb\WA_ANX_2021_Q2,AREA,0,1,G:\GIS\Projects\CENSUS\BAS\Submitted\BAS_submission.gdb\WA_ANX_2021_Q3,AREA,0,1,G:\GIS\Projects\CENSUS\BAS\Submitted\BAS_submission.gdb\WA_ANX_2021_Q4,AREA,0,1,G:\GIS\Projects\CENSUS\BAS\Submitted\BAS_submission.gdb\WA_ANX_2022_Q1,AREA,0,1,G:\GIS\Projects\CENSUS\BAS\Submitted\BAS_submission.gdb\WA_ANX_2022_Q2,AREA,0,1,G:\GIS\Projects\CENSUS\BAS\Submitted\BAS_submission.gdb\WA_ANX_2022_Q3,AREA,0,1,G:\GIS\Projects\CENSUS\BAS\Submitted\BAS_submission.gdb\WA_ANX_2022_Q4,AREA,0,1,G:\GIS\Projects\CENSUS\BAS\Submitted\BAS_submission.gdb\WA_ANX_2023_Q1,AREA,0,1,G:\GIS\Projects\CENSUS\BAS\Submitted\BAS_submission.gdb\WA_ANX_2023_Q2,AREA,0,1;Name "Name" true true false 35 Text 0 0,First,#,G:\GIS\Projects\CENSUS\BAS\Submitted\BAS_submission.gdb\WA_ANX_2020_Q2,Name,0,35,G:\GIS\Projects\CENSUS\BAS\Submitted\BAS_submission.gdb\WA_ANX_2020_Q3,Name,0,35,G:\GIS\Projects\CENSUS\BAS\Submitted\BAS_submission.gdb\WA_ANX_2020_Q4,Name,0,35,G:\GIS\Projects\CENSUS\BAS\Submitted\BAS_submission.gdb\WA_ANX_2021_Q1,Name,0,35,G:\GIS\Projects\CENSUS\BAS\Submitted\BAS_submission.gdb\WA_ANX_2021_Q2,Name,0,35,G:\GIS\Projects\CENSUS\BAS\Submitted\BAS_submission.gdb\WA_ANX_2021_Q3,Name,0,35,G:\GIS\Projects\CENSUS\BAS\Submitted\BAS_submission.gdb\WA_ANX_2021_Q4,Name,0,35,G:\GIS\Projects\CENSUS\BAS\Submitted\BAS_submission.gdb\WA_ANX_2022_Q1,Name,0,35,G:\GIS\Projects\CENSUS\BAS\Submitted\BAS_submission.gdb\WA_ANX_2022_Q2,Name,0,35,G:\GIS\Projects\CENSUS\BAS\Submitted\BAS_submission.gdb\WA_ANX_2022_Q3,Name,0,35,G:\GIS\Projects\CENSUS\BAS\Submitted\BAS_submission.gdb\WA_ANX_2022_Q4,Name,0,35,G:\GIS\Projects\CENSUS\BAS\Submitted\BAS_submission.gdb\WA_ANX_2023_Q1,Name,0,35,G:\GIS\Projects\CENSUS\BAS\Submitted\BAS_submission.gdb\WA_ANX_2023_Q2,Name,0,35;Vintage "Vintage" true true false 1 Text 0 0,First,#,G:\GIS\Projects\CENSUS\BAS\Submitted\BAS_submission.gdb\WA_ANX_2020_Q2,Vintage,0,1,G:\GIS\Projects\CENSUS\BAS\Submitted\BAS_submission.gdb\WA_ANX_2020_Q3,Vintage,0,1,G:\GIS\Projects\CENSUS\BAS\Submitted\BAS_submission.gdb\WA_ANX_2020_Q4,Vintage,0,1,G:\GIS\Projects\CENSUS\BAS\Submitted\BAS_submission.gdb\WA_ANX_2021_Q1,Vintage,0,1,G:\GIS\Projects\CENSUS\BAS\Submitted\BAS_submission.gdb\WA_ANX_2021_Q2,Vintage,0,1,G:\GIS\Projects\CENSUS\BAS\Submitted\BAS_submission.gdb\WA_ANX_2021_Q3,Vintage,0,1,G:\GIS\Projects\CENSUS\BAS\Submitted\BAS_submission.gdb\WA_ANX_2021_Q4,Vintage,0,1,G:\GIS\Projects\CENSUS\BAS\Submitted\BAS_submission.gdb\WA_ANX_2022_Q1,Vintage,0,1,G:\GIS\Projects\CENSUS\BAS\Submitted\BAS_submission.gdb\WA_ANX_2022_Q2,Vintage,0,1,G:\GIS\Projects\CENSUS\BAS\Submitted\BAS_submission.gdb\WA_ANX_2022_Q3,Vintage,0,1,G:\GIS\Projects\CENSUS\BAS\Submitted\BAS_submission.gdb\WA_ANX_2022_Q4,Vintage,0,1,G:\GIS\Projects\CENSUS\BAS\Submitted\BAS_submission.gdb\WA_ANX_2023_Q1,Vintage,0,1,G:\GIS\Projects\CENSUS\BAS\Submitted\BAS_submission.gdb\WA_ANX_2023_Q2,Vintage,0,1;RELATE "RELATE" true true false 3 Text 0 0,First,#,G:\GIS\Projects\CENSUS\BAS\Submitted\BAS_submission.gdb\WA_ANX_2020_Q2,RELATE,0,3,G:\GIS\Projects\CENSUS\BAS\Submitted\BAS_submission.gdb\WA_ANX_2020_Q3,RELATE,0,3,G:\GIS\Projects\CENSUS\BAS\Submitted\BAS_submission.gdb\WA_ANX_2020_Q4,RELATE,0,2,G:\GIS\Projects\CENSUS\BAS\Submitted\BAS_submission.gdb\WA_ANX_2021_Q1,RELATE,0,2,G:\GIS\Projects\CENSUS\BAS\Submitted\BAS_submission.gdb\WA_ANX_2021_Q2,RELATE,0,3,G:\GIS\Projects\CENSUS\BAS\Submitted\BAS_submission.gdb\WA_ANX_2021_Q3,RELATE,0,2,G:\GIS\Projects\CENSUS\BAS\Submitted\BAS_submission.gdb\WA_ANX_2021_Q4,RELATE,0,2,G:\GIS\Projects\CENSUS\BAS\Submitted\BAS_submission.gdb\WA_ANX_2022_Q1,RELATE,0,3,G:\GIS\Projects\CENSUS\BAS\Submitted\BAS_submission.gdb\WA_ANX_2022_Q2,RELATE,0,3,G:\GIS\Projects\CENSUS\BAS\Submitted\BAS_submission.gdb\WA_ANX_2022_Q3,RELATE,0,2,G:\GIS\Projects\CENSUS\BAS\Submitted\BAS_submission.gdb\WA_ANX_2022_Q4,RELATE,0,2,G:\GIS\Projects\CENSUS\BAS\Submitted\BAS_submission.gdb\WA_ANX_2023_Q1,RELATE,0,3,G:\GIS\Projects\CENSUS\BAS\Submitted\BAS_submission.gdb\WA_ANX_2023_Q2,RELATE,0,2;JUSTIFY "JUSTIFY" true true false 254 Text 0 0,First,#,G:\GIS\Projects\CENSUS\BAS\Submitted\BAS_submission.gdb\WA_ANX_2020_Q2,JUSTIFY,0,254,G:\GIS\Projects\CENSUS\BAS\Submitted\BAS_submission.gdb\WA_ANX_2020_Q3,JUSTIFY,0,27,G:\GIS\Projects\CENSUS\BAS\Submitted\BAS_submission.gdb\WA_ANX_2020_Q4,JUSTIFY,0,27,G:\GIS\Projects\CENSUS\BAS\Submitted\BAS_submission.gdb\WA_ANX_2021_Q1,JUSTIFY,0,27,G:\GIS\Projects\CENSUS\BAS\Submitted\BAS_submission.gdb\WA_ANX_2021_Q2,JUSTIFY,0,27,G:\GIS\Projects\CENSUS\BAS\Submitted\BAS_submission.gdb\WA_ANX_2021_Q3,JUSTIFY,0,27,G:\GIS\Projects\CENSUS\BAS\Submitted\BAS_submission.gdb\WA_ANX_2021_Q4,JUSTIFY,0,27,G:\GIS\Projects\CENSUS\BAS\Submitted\BAS_submission.gdb\WA_ANX_2022_Q1,JUSTIFY,0,27,G:\GIS\Projects\CENSUS\BAS\Submitted\BAS_submission.gdb\WA_ANX_2022_Q2,JUSTIFY,0,27,G:\GIS\Projects\CENSUS\BAS\Submitted\BAS_submission.gdb\WA_ANX_2022_Q3,JUSTIFY,0,27,G:\GIS\Projects\CENSUS\BAS\Submitted\BAS_submission.gdb\WA_ANX_2022_Q4,JUSTIFY,0,27,G:\GIS\Projects\CENSUS\BAS\Submitted\BAS_submission.gdb\WA_ANX_2023_Q1,JUSTIFY,0,27,G:\GIS\Projects\CENSUS\BAS\Submitted\BAS_submission.gdb\WA_ANX_2023_Q2,JUSTIFY,0,27;COUNTYFP "COUNTYFP" true true false 3 Text 0 0,First,#,G:\GIS\Projects\CENSUS\BAS\Submitted\BAS_submission.gdb\WA_ANX_2020_Q2,COUNTYFP,0,3;A_Date "A_Date" true true false 8 Date 0 0,First,#,G:\GIS\Projects\CENSUS\BAS\Submitted\BAS_submission.gdb\WA_ANX_2020_Q2,A_Date,-1,-1,G:\GIS\Projects\CENSUS\BAS\Submitted\BAS_submission.gdb\WA_ANX_2020_Q3,A_Date,-1,-1,G:\GIS\Projects\CENSUS\BAS\Submitted\BAS_submission.gdb\WA_ANX_2020_Q4,A_Date,-1,-1,G:\GIS\Projects\CENSUS\BAS\Submitted\BAS_submission.gdb\WA_ANX_2021_Q1,A_Date,-1,-1,G:\GIS\Projects\CENSUS\BAS\Submitted\BAS_submission.gdb\WA_ANX_2021_Q2,A_Date,-1,-1,G:\GIS\Projects\CENSUS\BAS\Submitted\BAS_submission.gdb\WA_ANX_2021_Q3,A_Date,-1,-1,G:\GIS\Projects\CENSUS\BAS\Submitted\BAS_submission.gdb\WA_ANX_2021_Q4,A_Date,-1,-1,G:\GIS\Projects\CENSUS\BAS\Submitted\BAS_submission.gdb\WA_ANX_2022_Q1,A_Date,-1,-1,G:\GIS\Projects\CENSUS\BAS\Submitted\BAS_submission.gdb\WA_ANX_2022_Q2,A_Date,-1,-1,G:\GIS\Projects\CENSUS\BAS\Submitted\BAS_submission.gdb\WA_ANX_2022_Q3,A_Date,-1,-1,G:\GIS\Projects\CENSUS\BAS\Submitted\BAS_submission.gdb\WA_ANX_2022_Q4,A_Date,-1,-1,G:\GIS\Projects\CENSUS\BAS\Submitted\BAS_submission.gdb\WA_ANX_2023_Q1,A_Date,-1,-1,G:\GIS\Projects\CENSUS\BAS\Submitted\BAS_submission.gdb\WA_ANX_2023_Q2,A_Date,-1,-1;Shape_Length "Shape_Length" false true true 8 Double 0 0,First,#,G:\GIS\Projects\CENSUS\BAS\Submitted\BAS_submission.gdb\WA_ANX_2020_Q2,Shape_Length,-1,-1,G:\GIS\Projects\CENSUS\BAS\Submitted\BAS_submission.gdb\WA_ANX_2020_Q3,Shape_Length,-1,-1,G:\GIS\Projects\CENSUS\BAS\Submitted\BAS_submission.gdb\WA_ANX_2020_Q4,Shape_Length,-1,-1,G:\GIS\Projects\CENSUS\BAS\Submitted\BAS_submission.gdb\WA_ANX_2021_Q1,Shape_Length,-1,-1,G:\GIS\Projects\CENSUS\BAS\Submitted\BAS_submission.gdb\WA_ANX_2021_Q2,Shape_Length,-1,-1,G:\GIS\Projects\CENSUS\BAS\Submitted\BAS_submission.gdb\WA_ANX_2021_Q3,Shape_Length,-1,-1,G:\GIS\Projects\CENSUS\BAS\Submitted\BAS_submission.gdb\WA_ANX_2021_Q4,Shape_Length,-1,-1,G:\GIS\Projects\CENSUS\BAS\Submitted\BAS_submission.gdb\WA_ANX_2022_Q1,Shape_Length,-1,-1,G:\GIS\Projects\CENSUS\BAS\Submitted\BAS_submission.gdb\WA_ANX_2022_Q2,Shape_Length,-1,-1,G:\GIS\Projects\CENSUS\BAS\Submitted\BAS_submission.gdb\WA_ANX_2022_Q3,Shape_Length,-1,-1,G:\GIS\Projects\CENSUS\BAS\Submitted\BAS_submission.gdb\WA_ANX_2022_Q4,Shape_Length,-1,-1,G:\GIS\Projects\CENSUS\BAS\Submitted\BAS_submission.gdb\WA_ANX_2023_Q1,Shape_Length,-1,-1,G:\GIS\Projects\CENSUS\BAS\Submitted\BAS_submission.gdb\WA_ANX_2023_Q2,Shape_Length,-1,-1;Shape_Area "Shape_Area" false true true 8 Double 0 0,First,#,G:\GIS\Projects\CENSUS\BAS\Submitted\BAS_submission.gdb\WA_ANX_2020_Q2,Shape_Area,-1,-1,G:\GIS\Projects\CENSUS\BAS\Submitted\BAS_submission.gdb\WA_ANX_2020_Q3,Shape_Area,-1,-1,G:\GIS\Projects\CENSUS\BAS\Submitted\BAS_submission.gdb\WA_ANX_2020_Q4,Shape_Area,-1,-1,G:\GIS\Projects\CENSUS\BAS\Submitted\BAS_submission.gdb\WA_ANX_2021_Q1,Shape_Area,-1,-1,G:\GIS\Projects\CENSUS\BAS\Submitted\BAS_submission.gdb\WA_ANX_2021_Q2,Shape_Area,-1,-1,G:\GIS\Projects\CENSUS\BAS\Submitted\BAS_submission.gdb\WA_ANX_2021_Q3,Shape_Area,-1,-1,G:\GIS\Projects\CENSUS\BAS\Submitted\BAS_submission.gdb\WA_ANX_2021_Q4,Shape_Area,-1,-1,G:\GIS\Projects\CENSUS\BAS\Submitted\BAS_submission.gdb\WA_ANX_2022_Q1,Shape_Area,-1,-1,G:\GIS\Projects\CENSUS\BAS\Submitted\BAS_submission.gdb\WA_ANX_2022_Q2,Shape_Area,-1,-1,G:\GIS\Projects\CENSUS\BAS\Submitted\BAS_submission.gdb\WA_ANX_2022_Q3,Shape_Area,-1,-1,G:\GIS\Projects\CENSUS\BAS\Submitted\BAS_submission.gdb\WA_ANX_2022_Q4,Shape_Area,-1,-1,G:\GIS\Projects\CENSUS\BAS\Submitted\BAS_submission.gdb\WA_ANX_2023_Q1,Shape_Area,-1,-1,G:\GIS\Projects\CENSUS\BAS\Submitted\BAS_submission.gdb\WA_ANX_2023_Q2,Shape_Area,-1,-1" ADD_SOURCE_INFO</Process><Process ToolSource="c:\program files\arcgis\pro\Resources\ArcToolbox\toolboxes\Data Management Tools.tbx\UpdateSchema" Date="20230606" Time="104144">UpdateSchema "CIMDATA=&lt;CIMStandardDataConnection xsi:type='typens:CIMStandardDataConnection' xmlns:xsi='http://www.w3.org/2001/XMLSchema-instance' xmlns:xs='http://www.w3.org/2001/XMLSchema' xmlns:typens='http://www.esri.com/schemas/ArcGIS/3.0.0'&gt;&lt;WorkspaceConnectionString&gt;DATABASE=C:\GIS\Temp\__arcgis\MyGeodatabase.gdb&lt;/WorkspaceConnectionString&gt;&lt;WorkspaceFactory&gt;FileGDB&lt;/WorkspaceFactory&gt;&lt;Dataset&gt;OFM_BAS&lt;/Dataset&gt;&lt;DatasetType&gt;esriDTFeatureClass&lt;/DatasetType&gt;&lt;/CIMStandardDataConnection&gt;" &lt;operationSequence&gt;&lt;workflow&gt;&lt;AddField&gt;&lt;field_name&gt;Source&lt;/field_name&gt;&lt;field_type&gt;TEXT&lt;/field_type&gt;&lt;field_length&gt;30&lt;/field_length&gt;&lt;field_is_nullable&gt;True&lt;/field_is_nullable&gt;&lt;field_is_required&gt;False&lt;/field_is_required&gt;&lt;/AddField&gt;&lt;/workflow&gt;&lt;/operationSequence&gt;</Process><Process ToolSource="c:\program files\arcgis\pro\Resources\ArcToolbox\toolboxes\Data Management Tools.tbx\CalculateField" Date="20230606" Time="104606">CalculateField OFM_BAS Source !MERGE_SRC![56:] "Python 3" # Text NO_ENFORCE_DOMAINS</Process><Process ToolSource="c:\program files\arcgis\pro\Resources\ArcToolbox\toolboxes\Data Management Tools.tbx\DeleteField" Date="20230606" Time="110223">DeleteField OFM_BAS COUNTYFP "Delete Fields"</Process><Process ToolSource="c:\program files\arcgis\pro\Resources\ArcToolbox\toolboxes\Data Management Tools.tbx\DeleteField" Date="20230606" Time="110321">DeleteField OFM_BAS MERGE_SRC "Delete Fields"</Process><Process ToolSource="c:\program files\arcgis\pro\Resources\ArcToolbox\toolboxes\Data Management Tools.tbx\Append" Date="20230608" Time="095755">Append WA_ANX_2023_Q2_temp OFM_BAS "Use the field map to reconcile field differences" "StateFP "StateFP" true true false 2 Text 0 0,First,#,G:\GIS\Projects\CENSUS\BAS\Submitted\BAS_submission.gdb\WA_ANX_2023_Q2_temp,StateFP,0,2;PlaceFP "PlaceFP" true true false 5 Text 0 0,First,#,G:\GIS\Projects\CENSUS\BAS\Submitted\BAS_submission.gdb\WA_ANX_2023_Q2_temp,PLACEFP,0,5;NAMELSAD "NAMELSAD" true true false 100 Text 0 0,First,#,G:\GIS\Projects\CENSUS\BAS\Submitted\BAS_submission.gdb\WA_ANX_2023_Q2_temp,NAMELSAD,0,23;PLACENS "PLACENS" true true false 8 Text 0 0,First,#,G:\GIS\Projects\CENSUS\BAS\Submitted\BAS_submission.gdb\WA_ANX_2023_Q2_temp,PLACENS,0,8;LSAD "LSAD" true true false 2 Text 0 0,First,#,G:\GIS\Projects\CENSUS\BAS\Submitted\BAS_submission.gdb\WA_ANX_2023_Q2_temp,LSAD,0,2;FUNCSTAT "FUNCSTAT" true true false 1 Text 0 0,First,#,G:\GIS\Projects\CENSUS\BAS\Submitted\BAS_submission.gdb\WA_ANX_2023_Q2_temp,FUNCSTAT,0,1;CLASSFP "CLASSFP" true true false 2 Text 0 0,First,#,G:\GIS\Projects\CENSUS\BAS\Submitted\BAS_submission.gdb\WA_ANX_2023_Q2_temp,CLASSFP,0,2;PARTFLG "PARTFLG" true true false 1 Text 0 0,First,#,G:\GIS\Projects\CENSUS\BAS\Submitted\BAS_submission.gdb\WA_ANX_2023_Q2_temp,PARTFLG,0,1;CHNG_TYPE "CHNG_TYPE" true true false 1 Text 0 0,First,#,G:\GIS\Projects\CENSUS\BAS\Submitted\BAS_submission.gdb\WA_ANX_2023_Q2_temp,CHNG_TYPE,0,1;Eff_date "Eff_date" true true false 8 Date 0 0,First,#,G:\GIS\Projects\CENSUS\BAS\Submitted\BAS_submission.gdb\WA_ANX_2023_Q2_temp,Eff_date,-1,-1;AUTHTYPE "AUTHTYPE" true true false 1 Text 0 0,First,#,G:\GIS\Projects\CENSUS\BAS\Submitted\BAS_submission.gdb\WA_ANX_2023_Q2_temp,AUTHTYPE,0,1;DOCU "DOCU" true true false 12 Text 0 0,First,#,G:\GIS\Projects\CENSUS\BAS\Submitted\BAS_submission.gdb\WA_ANX_2023_Q2_temp,DOCU,0,12;FORM_ID "FORM_ID" true true false 1 Text 0 0,First,#,G:\GIS\Projects\CENSUS\BAS\Submitted\BAS_submission.gdb\WA_ANX_2023_Q2_temp,FORM_ID,0,1;AREA "AREA" true true false 1 Text 0 0,First,#,G:\GIS\Projects\CENSUS\BAS\Submitted\BAS_submission.gdb\WA_ANX_2023_Q2_temp,AREA,0,1;Name "Name" true true false 35 Text 0 0,First,#,G:\GIS\Projects\CENSUS\BAS\Submitted\BAS_submission.gdb\WA_ANX_2023_Q2_temp,Name,0,35;Vintage "Vintage" true true false 1 Text 0 0,First,#,G:\GIS\Projects\CENSUS\BAS\Submitted\BAS_submission.gdb\WA_ANX_2023_Q2_temp,Vintage,0,1;RELATE "RELATE" true true false 3 Text 0 0,First,#,G:\GIS\Projects\CENSUS\BAS\Submitted\BAS_submission.gdb\WA_ANX_2023_Q2_temp,RELATE,0,2;JUSTIFY "JUSTIFY" true true false 254 Text 0 0,First,#,G:\GIS\Projects\CENSUS\BAS\Submitted\BAS_submission.gdb\WA_ANX_2023_Q2_temp,JUSTIFY,0,27;A_Date "A_Date" true true false 8 Date 0 0,First,#,G:\GIS\Projects\CENSUS\BAS\Submitted\BAS_submission.gdb\WA_ANX_2023_Q2_temp,A_Date,-1,-1;Source "Source" true true false 30 Text 0 0,First,#" # #</Process><Process ToolSource="c:\program files\arcgis\pro\Resources\ArcToolbox\toolboxes\Data Management Tools.tbx\CopyFeatures" Date="20230608" Time="145034">CopyFeatures OFM_BAS G:\GIS\Projects\CENSUS\BAS\Submitted\BAS_submission.gdb\OFM_BAS_change_polygons # # # #</Process><Process ToolSource="c:\program files\arcgis\pro\Resources\ArcToolbox\toolboxes\Data Management Tools.tbx\Append" Date="20230608" Time="145947">Append WA_ANX_2023_Q2_temp OFM_BAS_change_polygons "Use the field map to reconcile field differences" "StateFP "StateFP" true true false 2 Text 0 0,First,#;PlaceFP "PlaceFP" true true false 5 Text 0 0,First,#;NAMELSAD "NAMELSAD" true true false 100 Text 0 0,First,#;PLACENS "PLACENS" true true false 8 Text 0 0,First,#;LSAD "LSAD" true true false 2 Text 0 0,First,#;FUNCSTAT "FUNCSTAT" true true false 1 Text 0 0,First,#;CLASSFP "CLASSFP" true true false 2 Text 0 0,First,#;PARTFLG "PARTFLG" true true false 1 Text 0 0,First,#;CHNG_TYPE "CHNG_TYPE" true true false 1 Text 0 0,First,#;Eff_date "Eff_date" true true false 8 Date 0 0,First,#;AUTHTYPE "AUTHTYPE" true true false 1 Text 0 0,First,#;DOCU "DOCU" true true false 12 Text 0 0,First,#;FORM_ID "FORM_ID" true true false 1 Text 0 0,First,#;AREA "AREA" true true false 1 Text 0 0,First,#;Name "Name" true true false 35 Text 0 0,First,#;Vintage "Vintage" true true false 1 Text 0 0,First,#;RELATE "RELATE" true true false 3 Text 0 0,First,#;JUSTIFY "JUSTIFY" true true false 254 Text 0 0,First,#;A_Date "A_Date" true true false 8 Date 0 0,First,#;Source "Source" true true false 30 Text 0 0,First,#" # # # NOT_UPDATE_GEOMETRY</Process><Process ToolSource="c:\program files\arcgis\pro\Resources\ArcToolbox\toolboxes\Data Management Tools.tbx\Append" Date="20230608" Time="150335">Append WA_ANX_2023_Q2_temp OFM_BAS_change_polygons "Use the field map to reconcile field differences" "StateFP "StateFP" true true false 2 Text 0 0,First,#,G:\GIS\Projects\CENSUS\BAS\Submitted\BAS_submission.gdb\WA_ANX_2023_Q2_temp,StateFP,0,2;PlaceFP "PlaceFP" true true false 5 Text 0 0,First,#,G:\GIS\Projects\CENSUS\BAS\Submitted\BAS_submission.gdb\WA_ANX_2023_Q2_temp,PLACEFP,0,5;NAMELSAD "NAMELSAD" true true false 100 Text 0 0,First,#,G:\GIS\Projects\CENSUS\BAS\Submitted\BAS_submission.gdb\WA_ANX_2023_Q2_temp,NAMELSAD,0,23;PLACENS "PLACENS" true true false 8 Text 0 0,First,#,G:\GIS\Projects\CENSUS\BAS\Submitted\BAS_submission.gdb\WA_ANX_2023_Q2_temp,PLACENS,0,8;LSAD "LSAD" true true false 2 Text 0 0,First,#,G:\GIS\Projects\CENSUS\BAS\Submitted\BAS_submission.gdb\WA_ANX_2023_Q2_temp,LSAD,0,2;FUNCSTAT "FUNCSTAT" true true false 1 Text 0 0,First,#,G:\GIS\Projects\CENSUS\BAS\Submitted\BAS_submission.gdb\WA_ANX_2023_Q2_temp,FUNCSTAT,0,1;CLASSFP "CLASSFP" true true false 2 Text 0 0,First,#,G:\GIS\Projects\CENSUS\BAS\Submitted\BAS_submission.gdb\WA_ANX_2023_Q2_temp,CLASSFP,0,2;PARTFLG "PARTFLG" true true false 1 Text 0 0,First,#,G:\GIS\Projects\CENSUS\BAS\Submitted\BAS_submission.gdb\WA_ANX_2023_Q2_temp,PARTFLG,0,1;CHNG_TYPE "CHNG_TYPE" true true false 1 Text 0 0,First,#,G:\GIS\Projects\CENSUS\BAS\Submitted\BAS_submission.gdb\WA_ANX_2023_Q2_temp,CHNG_TYPE,0,1;Eff_date "Eff_date" true true false 8 Date 0 0,First,#,G:\GIS\Projects\CENSUS\BAS\Submitted\BAS_submission.gdb\WA_ANX_2023_Q2_temp,Eff_date,-1,-1;AUTHTYPE "AUTHTYPE" true true false 1 Text 0 0,First,#,G:\GIS\Projects\CENSUS\BAS\Submitted\BAS_submission.gdb\WA_ANX_2023_Q2_temp,AUTHTYPE,0,1;DOCU "DOCU" true true false 12 Text 0 0,First,#,G:\GIS\Projects\CENSUS\BAS\Submitted\BAS_submission.gdb\WA_ANX_2023_Q2_temp,DOCU,0,12;FORM_ID "FORM_ID" true true false 1 Text 0 0,First,#,G:\GIS\Projects\CENSUS\BAS\Submitted\BAS_submission.gdb\WA_ANX_2023_Q2_temp,FORM_ID,0,1;AREA "AREA" true true false 1 Text 0 0,First,#,G:\GIS\Projects\CENSUS\BAS\Submitted\BAS_submission.gdb\WA_ANX_2023_Q2_temp,AREA,0,1;Name "Name" true true false 35 Text 0 0,First,#,G:\GIS\Projects\CENSUS\BAS\Submitted\BAS_submission.gdb\WA_ANX_2023_Q2_temp,Name,0,35;Vintage "Vintage" true true false 1 Text 0 0,First,#,G:\GIS\Projects\CENSUS\BAS\Submitted\BAS_submission.gdb\WA_ANX_2023_Q2_temp,Vintage,0,1;RELATE "RELATE" true true false 3 Text 0 0,First,#,G:\GIS\Projects\CENSUS\BAS\Submitted\BAS_submission.gdb\WA_ANX_2023_Q2_temp,RELATE,0,2;JUSTIFY "JUSTIFY" true true false 254 Text 0 0,First,#,G:\GIS\Projects\CENSUS\BAS\Submitted\BAS_submission.gdb\WA_ANX_2023_Q2_temp,JUSTIFY,0,27;A_Date "A_Date" true true false 8 Date 0 0,First,#,G:\GIS\Projects\CENSUS\BAS\Submitted\BAS_submission.gdb\WA_ANX_2023_Q2_temp,A_Date,-1,-1;Source "Source" true true false 30 Text 0 0,First,#,G:\GIS\Projects\CENSUS\BAS\Submitted\BAS_submission.gdb\WA_ANX_2023_Q2_temp,Source,0,30" # # # NOT_UPDATE_GEOMETRY</Process><Process ToolSource="c:\program files\arcgis\pro\Resources\ArcToolbox\toolboxes\Data Management Tools.tbx\Append" Date="20230608" Time="152342">Append G:/GIS/Projects/CENSUS/BAS/Submitted/BAS_submission.gdb\WA_ANX_2023_Q2_temp G:\GIS\Projects\CENSUS\BAS\Submitted\BAS_submission.gdb\OFM_BAS_change_polygons "Use the field map to reconcile field differences" "StateFP "StateFP" true true false 2 Text 0 0,First,#,G:\GIS\Projects\CENSUS\BAS\Submitted\BAS_submission.gdb\WA_ANX_2023_Q2_temp,StateFP,0,2;PlaceFP "PlaceFP" true true false 5 Text 0 0,First,#,G:\GIS\Projects\CENSUS\BAS\Submitted\BAS_submission.gdb\WA_ANX_2023_Q2_temp,PLACEFP,0,5;NAMELSAD "NAMELSAD" true true false 100 Text 0 0,First,#,G:\GIS\Projects\CENSUS\BAS\Submitted\BAS_submission.gdb\WA_ANX_2023_Q2_temp,NAMELSAD,0,23;PLACENS "PLACENS" true true false 8 Text 0 0,First,#,G:\GIS\Projects\CENSUS\BAS\Submitted\BAS_submission.gdb\WA_ANX_2023_Q2_temp,PLACENS,0,8;LSAD "LSAD" true true false 2 Text 0 0,First,#,G:\GIS\Projects\CENSUS\BAS\Submitted\BAS_submission.gdb\WA_ANX_2023_Q2_temp,LSAD,0,2;FUNCSTAT "FUNCSTAT" true true false 1 Text 0 0,First,#,G:\GIS\Projects\CENSUS\BAS\Submitted\BAS_submission.gdb\WA_ANX_2023_Q2_temp,FUNCSTAT,0,1;CLASSFP "CLASSFP" true true false 2 Text 0 0,First,#,G:\GIS\Projects\CENSUS\BAS\Submitted\BAS_submission.gdb\WA_ANX_2023_Q2_temp,CLASSFP,0,2;PARTFLG "PARTFLG" true true false 1 Text 0 0,First,#,G:\GIS\Projects\CENSUS\BAS\Submitted\BAS_submission.gdb\WA_ANX_2023_Q2_temp,PARTFLG,0,1;CHNG_TYPE "CHNG_TYPE" true true false 1 Text 0 0,First,#,G:\GIS\Projects\CENSUS\BAS\Submitted\BAS_submission.gdb\WA_ANX_2023_Q2_temp,CHNG_TYPE,0,1;Eff_date "Eff_date" true true false 8 Date 0 0,First,#,G:\GIS\Projects\CENSUS\BAS\Submitted\BAS_submission.gdb\WA_ANX_2023_Q2_temp,Eff_date,-1,-1;AUTHTYPE "AUTHTYPE" true true false 1 Text 0 0,First,#,G:\GIS\Projects\CENSUS\BAS\Submitted\BAS_submission.gdb\WA_ANX_2023_Q2_temp,AUTHTYPE,0,1;DOCU "DOCU" true true false 12 Text 0 0,First,#,G:\GIS\Projects\CENSUS\BAS\Submitted\BAS_submission.gdb\WA_ANX_2023_Q2_temp,DOCU,0,12;FORM_ID "FORM_ID" true true false 1 Text 0 0,First,#,G:\GIS\Projects\CENSUS\BAS\Submitted\BAS_submission.gdb\WA_ANX_2023_Q2_temp,FORM_ID,0,1;AREA "AREA" true true false 1 Text 0 0,First,#,G:\GIS\Projects\CENSUS\BAS\Submitted\BAS_submission.gdb\WA_ANX_2023_Q2_temp,AREA,0,1;Name "Name" true true false 35 Text 0 0,First,#,G:\GIS\Projects\CENSUS\BAS\Submitted\BAS_submission.gdb\WA_ANX_2023_Q2_temp,Name,0,35;Vintage "Vintage" true true false 1 Text 0 0,First,#,G:\GIS\Projects\CENSUS\BAS\Submitted\BAS_submission.gdb\WA_ANX_2023_Q2_temp,Vintage,0,1;RELATE "RELATE" true true false 3 Text 0 0,First,#,G:\GIS\Projects\CENSUS\BAS\Submitted\BAS_submission.gdb\WA_ANX_2023_Q2_temp,RELATE,0,2;JUSTIFY "JUSTIFY" true true false 254 Text 0 0,First,#,G:\GIS\Projects\CENSUS\BAS\Submitted\BAS_submission.gdb\WA_ANX_2023_Q2_temp,JUSTIFY,0,27;A_Date "A_Date" true true false 8 Date 0 0,First,#,G:\GIS\Projects\CENSUS\BAS\Submitted\BAS_submission.gdb\WA_ANX_2023_Q2_temp,A_Date,-1,-1;Source "Source" true true false 30 Text 0 0,First,#,G:\GIS\Projects\CENSUS\BAS\Submitted\BAS_submission.gdb\WA_ANX_2023_Q2_temp,Source,0,30" # # # NOT_UPDATE_GEOMETRY</Process><Process ToolSource="c:\program files\arcgis\pro\Resources\ArcToolbox\toolboxes\Data Management Tools.tbx\Append" Date="20230614" Time="102649">Append G:/GIS/Projects/CENSUS/BAS/Submitted/BAS_submission.gdb\WA_ANX_2023_Q3_temp G:\GIS\Projects\CENSUS\BAS\Submitted\BAS_submission.gdb\OFM_BAS_change_polygons "Use the field map to reconcile field differences" "StateFP "StateFP" true true false 2 Text 0 0,First,#,G:\GIS\Projects\CENSUS\BAS\Submitted\BAS_submission.gdb\WA_ANX_2023_Q3_temp,StateFP,0,2;PlaceFP "PlaceFP" true true false 5 Text 0 0,First,#,G:\GIS\Projects\CENSUS\BAS\Submitted\BAS_submission.gdb\WA_ANX_2023_Q3_temp,PLACEFP,0,5;NAMELSAD "NAMELSAD" true true false 100 Text 0 0,First,#,G:\GIS\Projects\CENSUS\BAS\Submitted\BAS_submission.gdb\WA_ANX_2023_Q3_temp,NAMELSAD,0,23;PLACENS "PLACENS" true true false 8 Text 0 0,First,#,G:\GIS\Projects\CENSUS\BAS\Submitted\BAS_submission.gdb\WA_ANX_2023_Q3_temp,PLACENS,0,8;LSAD "LSAD" true true false 2 Text 0 0,First,#,G:\GIS\Projects\CENSUS\BAS\Submitted\BAS_submission.gdb\WA_ANX_2023_Q3_temp,LSAD,0,2;FUNCSTAT "FUNCSTAT" true true false 1 Text 0 0,First,#,G:\GIS\Projects\CENSUS\BAS\Submitted\BAS_submission.gdb\WA_ANX_2023_Q3_temp,FUNCSTAT,0,1;CLASSFP "CLASSFP" true true false 2 Text 0 0,First,#,G:\GIS\Projects\CENSUS\BAS\Submitted\BAS_submission.gdb\WA_ANX_2023_Q3_temp,CLASSFP,0,2;PARTFLG "PARTFLG" true true false 1 Text 0 0,First,#,G:\GIS\Projects\CENSUS\BAS\Submitted\BAS_submission.gdb\WA_ANX_2023_Q3_temp,PARTFLG,0,1;CHNG_TYPE "CHNG_TYPE" true true false 1 Text 0 0,First,#,G:\GIS\Projects\CENSUS\BAS\Submitted\BAS_submission.gdb\WA_ANX_2023_Q3_temp,CHNG_TYPE,0,1;Eff_date "Eff_date" true true false 8 Date 0 0,First,#,G:\GIS\Projects\CENSUS\BAS\Submitted\BAS_submission.gdb\WA_ANX_2023_Q3_temp,Eff_date,-1,-1;AUTHTYPE "AUTHTYPE" true true false 1 Text 0 0,First,#,G:\GIS\Projects\CENSUS\BAS\Submitted\BAS_submission.gdb\WA_ANX_2023_Q3_temp,AUTHTYPE,0,1;DOCU "DOCU" true true false 12 Text 0 0,First,#,G:\GIS\Projects\CENSUS\BAS\Submitted\BAS_submission.gdb\WA_ANX_2023_Q3_temp,DOCU,0,12;FORM_ID "FORM_ID" true true false 1 Text 0 0,First,#,G:\GIS\Projects\CENSUS\BAS\Submitted\BAS_submission.gdb\WA_ANX_2023_Q3_temp,FORM_ID,0,1;AREA "AREA" true true false 1 Text 0 0,First,#,G:\GIS\Projects\CENSUS\BAS\Submitted\BAS_submission.gdb\WA_ANX_2023_Q3_temp,AREA,0,1;Name "Name" true true false 35 Text 0 0,First,#,G:\GIS\Projects\CENSUS\BAS\Submitted\BAS_submission.gdb\WA_ANX_2023_Q3_temp,Name,0,35;Vintage "Vintage" true true false 1 Text 0 0,First,#,G:\GIS\Projects\CENSUS\BAS\Submitted\BAS_submission.gdb\WA_ANX_2023_Q3_temp,Vintage,0,1;RELATE "RELATE" true true false 3 Text 0 0,First,#,G:\GIS\Projects\CENSUS\BAS\Submitted\BAS_submission.gdb\WA_ANX_2023_Q3_temp,RELATE,0,2;JUSTIFY "JUSTIFY" true true false 254 Text 0 0,First,#,G:\GIS\Projects\CENSUS\BAS\Submitted\BAS_submission.gdb\WA_ANX_2023_Q3_temp,JUSTIFY,0,27;A_Date "A_Date" true true false 8 Date 0 0,First,#,G:\GIS\Projects\CENSUS\BAS\Submitted\BAS_submission.gdb\WA_ANX_2023_Q3_temp,A_Date,-1,-1;Source "Source" true true false 30 Text 0 0,First,#,G:\GIS\Projects\CENSUS\BAS\Submitted\BAS_submission.gdb\WA_ANX_2023_Q3_temp,Source,0,30" # # # NOT_UPDATE_GEOMETRY</Process><Process ToolSource="c:\program files\arcgis\pro\Resources\ArcToolbox\toolboxes\Data Management Tools.tbx\CopyFeatures" Date="20230614" Time="102653">CopyFeatures G:\GIS\Projects\CENSUS\BAS\Submitted\BAS_submission.gdb\OFM_BAS_change_polygons G:\GIS\Projects\CENSUS\BAS\Submitted\website\OFM_BAS_change_polygons.shp # # # #</Process><Process ToolSource="c:\program files\arcgis\pro\Resources\ArcToolbox\toolboxes\Data Management Tools.tbx\Append" Date="20230615" Time="094622">Append King_Kittitas_Pierce_fix G:\GIS\Projects\CENSUS\BAS\Submitted\website\OFM_BAS_change_polygons.shp "Use the field map to reconcile field differences" "StateFP "StateFP" true false false 2 Text 0 0,First,#,G:\GIS\Projects\CENSUS\BAS\Submitted\2023\WA_Anx_Info_20230310\King_Kittitas_Pierce_fix.shp,StateFP,0,2;PlaceFP "PlaceFP" true false false 5 Text 0 0,First,#,G:\GIS\Projects\CENSUS\BAS\Submitted\2023\WA_Anx_Info_20230310\King_Kittitas_Pierce_fix.shp,PlaceFP,0,5;NAMELSAD "NAMELSAD" true false false 100 Text 0 0,First,#,G:\GIS\Projects\CENSUS\BAS\Submitted\2023\WA_Anx_Info_20230310\King_Kittitas_Pierce_fix.shp,NAMELSAD,0,100;PLACENS "PLACENS" true false false 8 Text 0 0,First,#,G:\GIS\Projects\CENSUS\BAS\Submitted\2023\WA_Anx_Info_20230310\King_Kittitas_Pierce_fix.shp,PLACENS,0,8;LSAD "LSAD" true false false 2 Text 0 0,First,#,G:\GIS\Projects\CENSUS\BAS\Submitted\2023\WA_Anx_Info_20230310\King_Kittitas_Pierce_fix.shp,LSAD,0,2;FUNCSTAT "FUNCSTAT" true false false 1 Text 0 0,First,#,G:\GIS\Projects\CENSUS\BAS\Submitted\2023\WA_Anx_Info_20230310\King_Kittitas_Pierce_fix.shp,FUNCSTAT,0,1;CLASSFP "CLASSFP" true false false 2 Text 0 0,First,#,G:\GIS\Projects\CENSUS\BAS\Submitted\2023\WA_Anx_Info_20230310\King_Kittitas_Pierce_fix.shp,CLASSFP,0,2;PARTFLG "PARTFLG" true false false 1 Text 0 0,First,#,G:\GIS\Projects\CENSUS\BAS\Submitted\2023\WA_Anx_Info_20230310\King_Kittitas_Pierce_fix.shp,PARTFLG,0,1;CHNG_TYPE "CHNG_TYPE" true false false 1 Text 0 0,First,#,G:\GIS\Projects\CENSUS\BAS\Submitted\2023\WA_Anx_Info_20230310\King_Kittitas_Pierce_fix.shp,CHNG_TYPE,0,1;Eff_date "Eff_date" true true false 8 Date 0 0,First,#,G:\GIS\Projects\CENSUS\BAS\Submitted\2023\WA_Anx_Info_20230310\King_Kittitas_Pierce_fix.shp,Eff_date,-1,-1;AUTHTYPE "AUTHTYPE" true false false 1 Text 0 0,First,#,G:\GIS\Projects\CENSUS\BAS\Submitted\2023\WA_Anx_Info_20230310\King_Kittitas_Pierce_fix.shp,AUTHTYPE,0,1;DOCU "DOCU" true false false 12 Text 0 0,First,#,G:\GIS\Projects\CENSUS\BAS\Submitted\2023\WA_Anx_Info_20230310\King_Kittitas_Pierce_fix.shp,DOCU,0,12;FORM_ID "FORM_ID" true false false 1 Text 0 0,First,#,G:\GIS\Projects\CENSUS\BAS\Submitted\2023\WA_Anx_Info_20230310\King_Kittitas_Pierce_fix.shp,FORM_ID,0,1;AREA "AREA" true false false 1 Text 0 0,First,#,G:\GIS\Projects\CENSUS\BAS\Submitted\2023\WA_Anx_Info_20230310\King_Kittitas_Pierce_fix.shp,AREA,0,1;Name "Name" true false false 35 Text 0 0,First,#,G:\GIS\Projects\CENSUS\BAS\Submitted\2023\WA_Anx_Info_20230310\King_Kittitas_Pierce_fix.shp,Name,0,35;Vintage "Vintage" true false false 1 Text 0 0,First,#,G:\GIS\Projects\CENSUS\BAS\Submitted\2023\WA_Anx_Info_20230310\King_Kittitas_Pierce_fix.shp,Vintage,0,1;RELATE "RELATE" true false false 3 Text 0 0,First,#,G:\GIS\Projects\CENSUS\BAS\Submitted\2023\WA_Anx_Info_20230310\King_Kittitas_Pierce_fix.shp,RELATE,0,3;JUSTIFY "JUSTIFY" true false false 254 Text 0 0,First,#,G:\GIS\Projects\CENSUS\BAS\Submitted\2023\WA_Anx_Info_20230310\King_Kittitas_Pierce_fix.shp,JUSTIFY,0,254;A_Date "A_Date" true true false 8 Date 0 0,First,#,G:\GIS\Projects\CENSUS\BAS\Submitted\2023\WA_Anx_Info_20230310\King_Kittitas_Pierce_fix.shp,A_Date,-1,-1;Source "Source" true false false 30 Text 0 0,First,#;Shape_Leng "Shape_Leng" true false false 19 Double 0 0,First,#,G:\GIS\Projects\CENSUS\BAS\Submitted\2023\WA_Anx_Info_20230310\King_Kittitas_Pierce_fix.shp,Shape_Leng,-1,-1;Shape_Area "Shape_Area" true false false 19 Double 0 0,First,#,G:\GIS\Projects\CENSUS\BAS\Submitted\2023\WA_Anx_Info_20230310\King_Kittitas_Pierce_fix.shp,Shape_Area,-1,-1" # # # NOT_UPDATE_GEOMETRY</Process><Process ToolSource="c:\program files\arcgis\pro\Resources\ArcToolbox\toolboxes\Data Management Tools.tbx\CalculateField" Date="20230615" Time="094816">CalculateField OFM_BAS_change_polygons Source "WA_ANX_2023_Q2" "Python 3" # Text NO_ENFORCE_DOMAINS</Process></lineage></DataProperties><SyncDate>20230614</SyncDate><SyncTime>10265300</SyncTime><ModDate>20230614</ModDate><ModTime>10265300</ModTime><scaleRange><minScale>150000000</minScale><maxScale>5000</maxScale></scaleRange></Esri><dataIdInfo><envirDesc Sync="TRUE">Microsoft Windows 10 Version 10.0 (Build 19044) ; Esri ArcGIS 13.1.2.41833</envirDesc><dataLang><languageCode value="eng" Sync="TRUE"/><countryCode value="USA" Sync="TRUE"/></dataLang><idCitation><resTitle Sync="FALSE">DOT Annexations 2020_Q2 (February 2020)</resTitle><presForm><PresFormCd value="005" Sync="TRUE"/></presForm></idCitation><spatRpType><SpatRepTypCd value="001" Sync="TRUE"/></spatRpType><dataExt><geoEle xmlns=""><GeoBndBox esriExtentType="search"><exTypeCode Sync="TRUE">1</exTypeCode><westBL Sync="TRUE">-124.451165</westBL><eastBL Sync="TRUE">-117.123320</eastBL><northBL Sync="TRUE">48.944696</northBL><southBL Sync="TRUE">45.771005</southBL></GeoBndBox></geoEle></dataExt><idPurp>This data set is used as a reference layer for geographic information systems at the Washington State Department of Transportation.</idPurp><idAbs>&lt;DIV STYLE="text-align:Left;"&gt;&lt;DIV&gt;&lt;DIV&gt;&lt;P STYLE="margin:0 0 0 0;"&gt;&lt;SPAN&gt;&lt;SPAN&gt;Geographic data in this file was prepared primarily by the Washington State Department of Transportation (DOT). The Washington State Office of Financial Management staff took the following steps in preparing this file:&lt;/SPAN&gt;&lt;/SPAN&gt;&lt;/P&gt;&lt;P STYLE="margin:0 0 0 0;"&gt;&lt;SPAN&gt;&lt;SPAN&gt;1. Converted multi part features to single part features.&lt;/SPAN&gt;&lt;/SPAN&gt;&lt;/P&gt;&lt;P STYLE="margin:0 0 0 0;"&gt;&lt;SPAN&gt;&lt;SPAN&gt;2. Added annexation parcel numbers to polygons consistent with OFM records.&lt;/SPAN&gt;&lt;/SPAN&gt;&lt;/P&gt;&lt;P STYLE="margin:0 0 0 0;"&gt;&lt;SPAN&gt;&lt;SPAN&gt;3. Changed city name spellings to be consistent with OFM records.&lt;/SPAN&gt;&lt;/SPAN&gt;&lt;/P&gt;&lt;P STYLE="margin:0 0 0 0;"&gt;&lt;SPAN&gt;&lt;SPAN&gt;4. Adjusted annexation ordinance numbers to be consistent with OFM Records.&lt;/SPAN&gt;&lt;/SPAN&gt;&lt;/P&gt;&lt;P STYLE="margin:0 0 0 0;"&gt;&lt;SPAN&gt;&lt;SPAN&gt;5. Joined OFM annexation database records (CENEST) to DOT single part geometry by adjusted Ordinance ID and annexation Parcel ID.&lt;/SPAN&gt;&lt;/SPAN&gt;&lt;/P&gt;&lt;P /&gt;&lt;P STYLE="margin:0 0 0 0;"&gt;&lt;SPAN&gt;&lt;SPAN&gt;Note when DOT records refer to an area with by an original ordinance and an amending ordinance number OFM almost always matches the geometry to the original ordinance number because the original record almost always contains state certified population and housing counts.&lt;/SPAN&gt;&lt;/SPAN&gt;&lt;/P&gt;&lt;P /&gt;&lt;P STYLE="margin:0 0 0 0;"&gt;&lt;SPAN&gt;&lt;SPAN&gt;Reporting quarters are revenue distribution quarters defined as follows:&lt;/SPAN&gt;&lt;/SPAN&gt;&lt;/P&gt;&lt;P STYLE="margin:0 0 0 0;"&gt;&lt;SPAN&gt;&lt;SPAN&gt;Q1 = September thru November&lt;/SPAN&gt;&lt;/SPAN&gt;&lt;/P&gt;&lt;P STYLE="margin:0 0 0 0;"&gt;&lt;SPAN&gt;&lt;SPAN&gt;Q2 = December thru February&lt;/SPAN&gt;&lt;/SPAN&gt;&lt;/P&gt;&lt;P STYLE="margin:0 0 0 0;"&gt;&lt;SPAN&gt;&lt;SPAN&gt;Q3 = March thru May&lt;/SPAN&gt;&lt;/SPAN&gt;&lt;/P&gt;&lt;P STYLE="margin:0 0 0 0;"&gt;&lt;SPAN&gt;&lt;SPAN&gt;Q4 = June thru August&lt;/SPAN&gt;&lt;/SPAN&gt;&lt;/P&gt;&lt;/DIV&gt;&lt;/DIV&gt;&lt;/DIV&gt;</idAbs><idCredit>Washington State Department of Transportation - Transportation Data and GIS Office
Washington State Office of Financial Management - Forecasting and Research Division
</idCredit></dataIdInfo><mdLang><languageCode value="eng" Sync="TRUE"/><countryCode value="USA" Sync="TRUE"/></mdLang><mdChar><CharSetCd value="004" Sync="TRUE"/></mdChar><distInfo><distFormat><formatName Sync="TRUE">Shapefile</formatName></distFormat><distTranOps><transSize Sync="TRUE">0.000</transSize></distTranOps></distInfo><mdHrLv><ScopeCd value="005" Sync="TRUE"/></mdHrLv><mdHrLvName Sync="TRUE">dataset</mdHrLvName><refSysInfo><RefSystem><refSysID><identCode code="4269" Sync="TRUE"/><idCodeSpace Sync="TRUE">EPSG</idCodeSpace><idVersion Sync="TRUE">6.5(3.0.1)</idVersion></refSysID></RefSystem></refSysInfo><spatRepInfo><VectSpatRep><geometObjs Name="OFM_BAS_change_polygons"><geoObjTyp><GeoObjTypCd value="002" Sync="TRUE"></GeoObjTypCd></geoObjTyp><geoObjCnt Sync="TRUE">0</geoObjCnt></geometObjs><topLvl><TopoLevCd value="001" Sync="TRUE"></TopoLevCd></topLvl></VectSpatRep></spatRepInfo><spdoinfo><ptvctinf><esriterm Name="OFM_BAS_change_polygons"><efeatyp Sync="TRUE">Simple</efeatyp><efeageom code="4" Sync="TRUE"></efeageom><esritopo Sync="TRUE">FALSE</esritopo><efeacnt Sync="TRUE">0</efeacnt><spindex Sync="TRUE">FALSE</spindex><linrefer Sync="TRUE">FALSE</linrefer></esriterm></ptvctinf></spdoinfo><eainfo><detailed Name="OFM_BAS_change_polygons"><enttyp><enttypl Sync="TRUE">OFM_BAS_change_polygons</enttypl><enttypt Sync="TRUE">Feature Class</enttypt><enttypc Sync="TRUE">0</enttypc></enttyp><attr><attrlabl Sync="TRUE">FID</attrlabl><attalias Sync="TRUE">FID</attalias><attrtype Sync="TRUE">OID</attrtype><attwidth Sync="TRUE">4</attwidth><atprecis Sync="TRUE">0</atprecis><attscale Sync="TRUE">0</attscale><attrdef Sync="TRUE">Internal feature number.</attrdef><attrdefs Sync="TRUE">Esri</attrdefs><attrdomv><udom Sync="TRUE">Sequential unique whole numbers that are automatically generated.</udom></attrdomv></attr><attr><attrlabl Sync="TRUE">Shape</attrlabl><attalias Sync="TRUE">Shape</attalias><attrtype Sync="TRUE">Geometry</attrtype><attwidth Sync="TRUE">0</attwidth><atprecis Sync="TRUE">0</atprecis><attscale Sync="TRUE">0</attscale><attrdef Sync="TRUE">Feature geometry.</attrdef><attrdefs Sync="TRUE">Esri</attrdefs><attrdomv><udom Sync="TRUE">Coordinates defining the features.</udom></attrdomv></attr><attr><attrlabl Sync="TRUE">StateFP</attrlabl><attalias Sync="TRUE">StateFP</attalias><attrtype Sync="TRUE">String</attrtype><attwidth Sync="TRUE">2</attwidth><atprecis Sync="TRUE">0</atprecis><attscale Sync="TRUE">0</attscale></attr><attr><attrlabl Sync="TRUE">PlaceFP</attrlabl><attalias Sync="TRUE">PlaceFP</attalias><attrtype Sync="TRUE">String</attrtype><attwidth Sync="TRUE">5</attwidth><atprecis Sync="TRUE">0</atprecis><attscale Sync="TRUE">0</attscale></attr><attr><attrlabl Sync="TRUE">NAMELSAD</attrlabl><attalias Sync="TRUE">NAMELSAD</attalias><attrtype Sync="TRUE">String</attrtype><attwidth Sync="TRUE">100</attwidth><atprecis Sync="TRUE">0</atprecis><attscale Sync="TRUE">0</attscale></attr><attr><attrlabl Sync="TRUE">PLACENS</attrlabl><attalias Sync="TRUE">PLACENS</attalias><attrtype Sync="TRUE">String</attrtype><attwidth Sync="TRUE">8</attwidth><atprecis Sync="TRUE">0</atprecis><attscale Sync="TRUE">0</attscale></attr><attr><attrlabl Sync="TRUE">LSAD</attrlabl><attalias Sync="TRUE">LSAD</attalias><attrtype Sync="TRUE">String</attrtype><attwidth Sync="TRUE">2</attwidth><atprecis Sync="TRUE">0</atprecis><attscale Sync="TRUE">0</attscale></attr><attr><attrlabl Sync="TRUE">FUNCSTAT</attrlabl><attalias Sync="TRUE">FUNCSTAT</attalias><attrtype Sync="TRUE">String</attrtype><attwidth Sync="TRUE">1</attwidth><atprecis Sync="TRUE">0</atprecis><attscale Sync="TRUE">0</attscale></attr><attr><attrlabl Sync="TRUE">CLASSFP</attrlabl><attalias Sync="TRUE">CLASSFP</attalias><attrtype Sync="TRUE">String</attrtype><attwidth Sync="TRUE">2</attwidth><atprecis Sync="TRUE">0</atprecis><attscale Sync="TRUE">0</attscale></attr><attr><attrlabl Sync="TRUE">PARTFLG</attrlabl><attalias Sync="TRUE">PARTFLG</attalias><attrtype Sync="TRUE">String</attrtype><attwidth Sync="TRUE">1</attwidth><atprecis Sync="TRUE">0</atprecis><attscale Sync="TRUE">0</attscale></attr><attr><attrlabl Sync="TRUE">CHNG_TYPE</attrlabl><attalias Sync="TRUE">CHNG_TYPE</attalias><attrtype Sync="TRUE">String</attrtype><attwidth Sync="TRUE">1</attwidth><atprecis Sync="TRUE">0</atprecis><attscale Sync="TRUE">0</attscale></attr><attr><attrlabl Sync="TRUE">Eff_date</attrlabl><attalias Sync="TRUE">Eff_date</attalias><attrtype Sync="TRUE">Date</attrtype><attwidth Sync="TRUE">8</attwidth><atprecis Sync="TRUE">0</atprecis><attscale Sync="TRUE">0</attscale></attr><attr><attrlabl Sync="TRUE">AUTHTYPE</attrlabl><attalias Sync="TRUE">AUTHTYPE</attalias><attrtype Sync="TRUE">String</attrtype><attwidth Sync="TRUE">1</attwidth><atprecis Sync="TRUE">0</atprecis><attscale Sync="TRUE">0</attscale></attr><attr><attrlabl Sync="TRUE">DOCU</attrlabl><attalias Sync="TRUE">DOCU</attalias><attrtype Sync="TRUE">String</attrtype><attwidth Sync="TRUE">12</attwidth><atprecis Sync="TRUE">0</atprecis><attscale Sync="TRUE">0</attscale></attr><attr><attrlabl Sync="TRUE">FORM_ID</attrlabl><attalias Sync="TRUE">FORM_ID</attalias><attrtype Sync="TRUE">String</attrtype><attwidth Sync="TRUE">1</attwidth><atprecis Sync="TRUE">0</atprecis><attscale Sync="TRUE">0</attscale></attr><attr><attrlabl Sync="TRUE">AREA</attrlabl><attalias Sync="TRUE">AREA</attalias><attrtype Sync="TRUE">String</attrtype><attwidth Sync="TRUE">1</attwidth><atprecis Sync="TRUE">0</atprecis><attscale Sync="TRUE">0</attscale></attr><attr><attrlabl Sync="TRUE">NAME</attrlabl><attalias Sync="TRUE">Name</attalias><attrtype Sync="TRUE">String</attrtype><attwidth Sync="TRUE">35</attwidth><atprecis Sync="TRUE">0</atprecis><attscale Sync="TRUE">0</attscale></attr><attr><attrlabl Sync="TRUE">Vintage</attrlabl><attalias Sync="TRUE">Vintage</attalias><attrtype Sync="TRUE">String</attrtype><attwidth Sync="TRUE">1</attwidth><atprecis Sync="TRUE">0</atprecis><attscale Sync="TRUE">0</attscale></attr><attr><attrlabl Sync="TRUE">RELATE</attrlabl><attalias Sync="TRUE">RELATE</attalias><attrtype Sync="TRUE">String</attrtype><attwidth Sync="TRUE">3</attwidth><atprecis Sync="TRUE">0</atprecis><attscale Sync="TRUE">0</attscale></attr><attr><attrlabl Sync="TRUE">JUSTIFY</attrlabl><attalias Sync="TRUE">JUSTIFY</attalias><attrtype Sync="TRUE">String</attrtype><attwidth Sync="TRUE">254</attwidth><atprecis Sync="TRUE">0</atprecis><attscale Sync="TRUE">0</attscale></attr><attr><attrlabl Sync="TRUE">A_Date</attrlabl><attalias Sync="TRUE">A_Date</attalias><attrtype Sync="TRUE">Date</attrtype><attwidth Sync="TRUE">8</attwidth><atprecis Sync="TRUE">0</atprecis><attscale Sync="TRUE">0</attscale></attr><attr><attrlabl Sync="TRUE">Source</attrlabl><attalias Sync="TRUE">Source</attalias><attrtype Sync="TRUE">String</attrtype><attwidth Sync="TRUE">30</attwidth><atprecis Sync="TRUE">0</atprecis><attscale Sync="TRUE">0</attscale></attr><attr><attrlabl Sync="TRUE">Shape_Leng</attrlabl><attalias Sync="TRUE">Shape_Leng</attalias><attrtype Sync="TRUE">Double</attrtype><attwidth Sync="TRUE">19</attwidth><atprecis Sync="TRUE">0</atprecis><attscale Sync="TRUE">0</attscale></attr><attr><attrlabl Sync="TRUE">Shape_Area</attrlabl><attalias Sync="TRUE">Shape_Area</attalias><attrtype Sync="TRUE">Double</attrtype><attwidth Sync="TRUE">19</attwidth><atprecis Sync="TRUE">0</atprecis><attscale Sync="TRUE">0</attscale><attrdef Sync="TRUE">Area of feature in internal units squared.</attrdef><attrdefs Sync="TRUE">Esri</attrdefs><attrdomv><udom Sync="TRUE">Positive real numbers that are automatically generated.</udom></attrdomv></attr></detailed></eainfo><mdDateSt Sync="TRUE">20230614</mdDateSt></metadata>
