<?xml version="1.0" encoding="UTF-8"?><metadata>
    <idinfo>
        <citation>
            <citeinfo>
                <origin/>
                <pubdate>20100801</pubdate>
                <title>CAFRA and Coastal Centers, New Jersey, Edition 201008 (Land_CAFRA_center_bnd)</title>
                <geoform>vector digital data</geoform>
                <pubinfo>
                    <pubplace/>
                    <publish>NJ Department of Environmental Protection (NJDEP)</publish>
                </pubinfo>
                <onlink>https://www.nj.gov/dep/gis/digidownload/zips/OpenData/Land_CAFRA_center_bnd.zip</onlink>
            </citeinfo>
        </citation>
        <descript>
            <abstract>This data layer is a depiction of the boundaries of CAFRA centers, CAFRA cores, CAFRA nodes, mainland coastal centers, and non-mainland coastal centers used in CAFRA permitting by the NJDEP. CAFRA centers, cores and nodes are those centers, cores and nodes, respectively, that have been adopted by the State Planning Commission and reviewed and accepted by the Department for the purposes of CAFRA. The Department delineated mainland and non-mainland coastal centers, based in part on centers identified in the 1992 State Development and Redevelopment Plan, where the State Planning Commission had not yet designated centers. Delineations were digitized over 1991 orthophotography at a minimum scale of 1:12,000. 1995 orthophotography was used to spot check ground conditions. Certain mainland coastal centers expired on March 15, 2007 in accordance with the Coastal Zone Management rules at N.J.A.C. 7:7E-5B.6. However, the Permit Extension Act extended their expiration until July 1, 2010 subject to certain conditions. As a result, the expiration of the following 12 mainland coastal centers was extended until July 1, 2010: Egg Harbor coastal town, Egg Harbor Township; Town Bank/North Cape May coastal town. Lower Township; Cape May Court House coastal regional center, Del Haven coastal village, Goshen coastal hamlet, Green Creek coastal hamlet, Rio Grande coastal regional center, Swainton coastal hamlet, and Whitesboro/Burleigh coastal village, Middle Township; Barnegat coastal town, Barnegat Township; Toms River coastal regional center, Toms River Township; and Lakewood coastal regional center, Lakewood Township. The mainland coastal centers of West Atlantic City coastal town, Egg Harbor Township and Schellenger's Landing coastal town and Villas coastal village, Lower Township expired on March 15, 2007. These coastal centers are located wholly within environmentally sensitive areas identified under the Act and therefore their expiration was not extended. The official description of the mainland coastal center boundaries is the written description posted on the Department's Permit Extension Act web page https://www.nj.gov/dep/opppc/extension.htm. The description of the non-mainland coastal center boundaries is the written description in Appendix 3 of the Coastal Zone Management rules, N.J.A.C. 7:7E. Boundaries of centers, cores and nodes within the CAFRA area were clipped from the 2001 State Plan Policy Map (cenline2, nodes and cores shape files), as amended through May 18, 2010 and form the boundaries of CAFRA centers, cores and nodes. In 2004, the State Planning Commission adopted rules that set expiration dates for certain State Planning Commission designated centers and cores that were not approved through the plan endorsement process. The expiration dates of these designated centers and cores were modified by operation of law by enactment of the Permit Extension Act of 2008. As a result, certain State Planning Commission designated centers and cores that consisted entirely of environmentally sensitive areas expired in their entirety. Environmentally sensitive portions of other designated centers and cores also expired. In response to the expiration of all or portions of these State Planning Commission designated centers the Department repealed all or portions of the CAFRA centers that correspond to these expired State Planning Commission centers. These areas reverted to the Coastal Planning Area that corresponds to the underlying State Plan Planning Area. The following CAFRA centers were repealed in their entirety: Laurel Lake CAFRA village and Port Norris CAFRA village Commercial Township; and, Delmont CAFRA village, Dorchester-Leesburg CAFRA village, Heislerville CAFRA village and Port Elizabeth Bricksboro CAFRA village, Maurice River Township. Portions of the following CAFRA centers and cores were repealed: Oceanville CAFRA village, Smithville CAFRA town, Smithville CAFRA core, and Wrangleboro CAFRA town, Galloway Township; Wildwood City/North Wildwood City/Wildwood Crest Borough/West Wildwood Borough CAFRA regional center, Wildwood City, North Wildwood City, Wildwood Crest Borough, West Wildwood Borough; Cape May City CAFRA town, Cape May City; Cape May Point CAFRA village, Cape May Point Borough; Bridgeton CAFRA regional center, City of Bridgeton; Cedarville CAFRA village, Lawrence Township; Millville-Vineland CAFRA regional center, Millville City and Vineland City; Mauricetown Station CAFRA hamlet, Maurice River Township; Atlantic Highlands CAFRA town, Atlantic Highlands Borough; Long Branch City CAFRA regional center, Long Branch City; Manasquan Borough CAFRA town, Manasquan Borough; and Red Bank CAFRA Regional Center, Red Bank Borough.</abstract>
            <purpose>Centers and cores encompass areas of compact, mixed-use development and include adjacent areas for imminent growth where there are no significant environmental features. Nodes are concentrations of facilities and activities that are not organized in a compact form. Centers, cores and nodes are one component of regulations adopted by the NJDEP, pursuant to CAFRA. The impervious cover limits and vegetative cover percentages for proposed developments requiring a CAFRA permit are determined by the location of proposed development within a Coastal Planning Area, CAFRA center, CAFRA core, CAFRA node, mainland coastal center or non-mainland coastal center. N.J.A.C. 7:7E-5B.4, 5B.5 and 5B.6 set forth the impervious cover limits and vegetative cover requirements for a site in the CAFRA area. There are five types of CAFRA centers: urban centers, regional centers, towns, villages and hamlets; four types of mainland coastal centers: regional centers, towns, villages and hamlets; and three types of non-mainland coastal centers: regional centers, towns, and villages. Each has associated with it a corresponding, pre-determined impervious cover limit and vegetative cover requirement.</purpose>
            <supplinf>The mainland coastal center boundaries are an approximation of the official verbal description posted on the Department's Permit Extension Act web page https://www.nj.gov/dep/opppc/extension.htm. Environmentally sensitive areas defined under the Permit Extension Act and those identified at N.J.A.C. 7:7E-5B.6(e) have not been clipped from the mainland coastal center boundaries. The non-mainland coastal center boundaries are an approximation of the official verbal description found in Appendix 3 of the Coastal Zone Management rules. Related data files: Related data Files: splan2 - State Plan Planning Areas, cenline2 - Centers of the NJ State Plan, cehs2 - Critical Environmental and Historic Sites of NJ State Plan, Expiredcoastalcenter- Expired Coastal Centers, Nonmainlandcoastal-cafracenters- Coastal and CAFRA centers, nodes and cores. (Env. Shapefile reference), cores - State Plan designated cores, nodes - State Plan designated nodes</supplinf>
        </descript>
        <timeperd>
            <timeinfo>
                <sngdate>
                    <caldate>20100801</caldate>
                </sngdate>
            </timeinfo>
            <current>Publication date</current>
        </timeperd>
        <status>
            <progress>Complete</progress>
            <update>As needed</update>
        </status>
        <spdom>
            <bounding>
                <westbc>-75.557566</westbc>
                <eastbc>-73.971293</eastbc>
                <northbc>40.419601</northbc>
                <southbc>38.927067</southbc>
            </bounding>
        </spdom>
        <keywords>
            <theme>
                <themekt>ISO 19115 Topic Category</themekt>
                <themekey>oceans</themekey>
            </theme>
            <theme>
                <themekt>User</themekt>
                <themekey>coast_cafracen</themekey>
                <themekey>Land_CAFRA_center_bnd</themekey>
            </theme>
            <theme>
                <themekt>None</themekt>
                <themekey>coastal center</themekey>
                <themekey>NJDEP</themekey>
                <themekey>center</themekey>
                <themekey>core</themekey>
                <themekey>land management</themekey>
                <themekey>coastal</themekey>
                <themekey>environmental protection</themekey>
                <themekey>State Plan</themekey>
                <themekey>node</themekey>
                <themekey>CAFRA</themekey>
            </theme>
            <place>
                <placekt>None</placekt>
                <placekey>Cumberland</placekey>
                <placekey>Salem</placekey>
                <placekey>shore</placekey>
                <placekey>Monmouth</placekey>
                <placekey>coast</placekey>
                <placekey>Cape May</placekey>
                <placekey>Burlington</placekey>
                <placekey>Middlesex</placekey>
                <placekey>New Jersey</placekey>
                <placekey>Ocean</placekey>
                <placekey>CAFRA</placekey>
                <placekey>Atlantic</placekey>
            </place>
            <temporal>
                <tempkt>None</tempkt>
                <tempkey>2010</tempkey>
            </temporal>
        </keywords>
        <accconst>None</accconst>
        <useconst>New Jersey Department of Environmental Protection (NJDEP) Data Distribution Agreement. The data provided herein are distributed subject to the following conditions and restrictions: NJDEP assumes no responsibility to maintain them in any manner or form and disclaims any duty or obligation to either maintain availability of or to update the data. Terms of Agreement 1. All data is provided, as is, without any representation or warranty of any kind, implied, expressed or statutory including, but not limited to, the warranties of non-infringement of third party rights, title, merchantability or fitness for a particular use, freedom from computer virus nor are any such warranties to be implied with respect to the digital data layers furnished hereunder. User is responsible for understanding the accuracy limitations of all digital data layers provided herein, as documented in the accompanying cross-reference files (see SUPPLEMENTAL INFORMATION). Any reproduction or manipulation of the above data must ensure that the coordinate reference system remains intact. 2. Digital data received from the NJDEP may not be reproduced or redistributed without all the metadata provided. 3. Any maps, publications, reports, or other documents produced as a result of this project that utilize this digital data will credit the NJDEP's Geographic Information System (GIS) as the source of the data with the following credit/disclaimer: "This (map/publication/report) was developed using New Jersey Department of Environmental Protection Geographic Information System digital data, but this secondary product has not been verified by NJDEP and is not state-authorized or endorsed." 4. NJDEP makes no warranty that digital data are free of Copyright or Trademark claims or other restrictions or limitations on free use or display. Making a copy of this data may be subject to the copyright of trademark laws.</useconst>
        <ptcontac>
            <cntinfo>
                <cntperp>
                    <cntper>DuMont, H.David</cntper>
                </cntperp>
                <cntpos>Environmental Specialist 3</cntpos>
                <cntaddr>
                    <addrtype>mailing</addrtype>
                    <address>401 East State Street</address>
                    <city>Trenton</city>
                    <state>NJ</state>
                    <postal>08625</postal>
                </cntaddr>
                <cntvoice>609-292-2483</cntvoice>
                <cntemail>H.David.DuMont@dep.nj.gov</cntemail>
                <cntinst>via email</cntinst>
            </cntinfo>
        </ptcontac>
        <browse>
            <browsen>https://www.state.nj.us/dep/gis/digidownload/images/statewide/coast_cafracen.gif</browsen>
            <browsed>image</browsed>
            <browset>GIF</browset>
        </browse>
        <native>ESRI ArcCatalog 9.3.1.3500</native>
    </idinfo>
    <dataqual>
        <attracc>
            <attraccr>Attributes consistent within table and with related data file CENLNE2, cores, nodes.</attraccr>
        </attracc>
        <logic>Boundaries approximate official written descriptions of mainland and non-mainland coastal centers boundaries. Boundaries of centers, cores and nodes within the CAFRA area were re-selected from the 2001 State Plan Policy Map (cenline2, nodes and cores shape files), as amended, and form the boundaries of CAFRA centers, cores and nodes.</logic>
        <complete>CAFRA centers, cores, nodes and coastal centers are completed on the date of publication.</complete>
        <posacc>
            <horizpa>
                <horizpar>National Map Accuracy Standards (NMAS) - Data mapped to basemaps which met NMAS at the mapping scales. Node errors, label errors and slivers larger than .25 acres were resolved (see Section 1.2.3 SUPPLEMENTAL INFORMATION). Features are within +/- 80 feet or better from locations on the 1986 photoquads.</horizpar>
            </horizpa>
        </posacc>
        <posacc>
            <vertacc>
                <vertaccr>None</vertaccr>
            </vertacc>
        </posacc>
        <lineage>
            <srcinfo>
                <srccite>
                    <citeinfo>
                        <origin/>
                        <pubdate>19930101</pubdate>
                        <title>1991/92 Digital Orthophotographs (black and white, 1:12,000)</title>
                        <geoform>map</geoform>
                        <pubinfo>
                            <pubplace/>
                            <publish>MARKHURD</publish>
                        </pubinfo>
                        <othercit>N/A</othercit>
                    </citeinfo>
                </srccite>
                <srcscale>12000</srcscale>
                <typesrc>digitalLinearTape</typesrc>
                <srctime>
                    <timeinfo>
                        <sngdate>
                            <caldate>19910101</caldate>
                        </sngdate>
                    </timeinfo>
                    <srccurr>ground condition</srccurr>
                </srctime>
                <srccitea>MARKHURD, 1993/94</srccitea>
                <srccontr>The digital imagery was used as the base map for digitizing non-mainland coastal centers.</srccontr>
            </srcinfo>
            <srcinfo>
                <srccite>
                    <citeinfo>
                        <origin/>
                        <pubdate>20090224</pubdate>
                        <title>Center boundaries of the NJ State Development and Redevelopment Plan, adopted March 1, 2001.</title>
                        <geoform>vector digital data</geoform>
                        <pubinfo>
                            <pubplace/>
                            <publish>NJDEP</publish>
                        </pubinfo>
                        <onlink>https://www.nj.gov/dca/osg/resources/maps/index.shtml</onlink>
                    </citeinfo>
                </srccite>
                <srcscale>12000</srcscale>
                <typesrc>onLine</typesrc>
                <srctime>
                    <timeinfo>
                        <rngdates>
                            <begdate>20010301</begdate>
                            <enddate>20100518</enddate>
                        </rngdates>
                    </timeinfo>
                    <srccurr>publication date</srccurr>
                </srctime>
                <srccitea>cenlne2</srccitea>
                <srccontr>The cenlne2 shapefile for the 2001 State Plan Policy Map, as amended to May 18, 2010, was used.</srccontr>
            </srcinfo>
            <procstep>
                <procdesc>Protocol for mapping CAFRA centers, cores and nodes: Boundaries of designated centers, cores and nodes within the CAFRA area were selected from the 2001 State Plan Policy Map (cenline2, nodes and cores shape files), as amended to June 20, 2005, to form the boundaries of CAFRA centers, cores and nodes. The selected designated (CAFRA) centers, cores and nodes were then unioned to the NJDEP Coastal Centers shapefile to combine into a unified NJDEP CAFRA and Coastal Centers shapefile.</procdesc>
                <procdate>20050705</procdate>
            </procstep>
            <procstep>
                <procdesc>Protocol for mapping mainland and non-mainland coastal center boundaries: The Department defined mainland and non-mainland coastal center boundaries through the use of readily identifiable natural and cultural features. Digitizing was preformed utilizing the 1995 ortho-photography. For the non-mainland coastal centers, the boundaries are largely coincident with municipal boundaries. Non-mainland coastal centers were updated by edge matching to NJDEP municipal boundaries by a snap function.</procdesc>
                <procdate>20050705</procdate>
            </procstep>
            <procstep>
                <procdesc>Coastal mainland centers reestablished 2/6/2006 unioned to this dataset. Asbury Park designated urban center ( source data: state plan - cenline2_12072005) clipped to CAFRA area polygon. Resulting polygon of Asbury Park CAFRA urban center unioned to this dataset.</procdesc>
                <procdate>20060206</procdate>
            </procstep>
            <procstep>
                <procdesc>Coastal mainland centers updated 3/16/2006.</procdesc>
                <procdate>20060316</procdate>
            </procstep>
            <procstep>
                <procdesc>Coastal mainland centers that expired 200703 deleted from Coast_cafracen shapefile. The 2001 State Plan Policy Map shapefiles "cenlne2" as amended to January 7, 2008 and "cores" / "nodes" as amended to October 25, 2006 were cross checked to the Coast_cafracen shapefile for any changes to CAFRA center, node or core boundaries. Imported Coast_cafracen into a File Geodatabase/ Feature Dataset/ Feature class and ran topology rules to determine and correct spatial errors. Rules set to identify 1) overlapping polygons and 2) adjacent polygons with gaps. Some errors identified and corrected by the snap function.</procdesc>
                <procdate>20070418</procdate>
            </procstep>
            <procstep>
                <procdesc>Data layer updated by unioning new CAFRA center boundaries which includes: 1) Brick CAFRA Town, 2) Seaville CAFRA Town, 3) Marmora CAFRA Town, 4) Petersburg CAFRA Village and 5) Tuckahoe CAFRA Village</procdesc>
                <procdate>20080513</procdate>
            </procstep>
            <procstep>
                <procdesc>15 Coastal Mainland Centers re-selected from the 3/16/2006 coast_cafra archive shapefile and unioned to coast_cafra 5/13/2008 shapefile. The 15 Coastal Mainland Centers includes: 1) Egg Harbor coastal town, 2) West Atlantic City coastal town, 3) Schellenger's Landing coastal town, 4) Town Bank/ North Cape May coastal town, 5) Villas coastal village, 6) Cape May Court House coastal regional center, 7) Del Haven coastal village, 8) Goshen Creek coastal hamlet, 9) Green Creek coastal hamlet, 10) Rio Grande coastal regional center, 11) Swainton coastal hamlet, 12) Whitesboro/ Burleigh coastal village, 13) Barnegat coastal town, 14) Toms River coastal regional center, 15) Lakewood coastal regional center. Repeating attribute columns deleted and area recalculated with Geometry tabular calculation function.</procdesc>
                <procdate>20081021</procdate>
            </procstep>
            <procstep>
                <procdesc>Re-selected Laurel Lake CAFRA village and Port Norris CAFRA village Commercial Township; and, Delmont CAFRA village, Dorchester-Leesburg CAFRA village, Heislerville CAFRA village and Port Elizabeth Bricksboro CAFRA village, Maurice River Township and deleted.</procdesc>
                <procdate>20091215</procdate>
            </procstep>
            <procstep>
                <procdesc>Coast_cafracen has been updated by removing three (3) expired centers. These are: 1) Schellanger's landing coastal town, Lower Twp., Cape May and 2) Villas coastal village, Lower Twp., Cape May. 3) West Atlantic City coastal town, Egg Harbor Twp.</procdesc>
                <procdate>20091215</procdate>
            </procstep>
            <procstep>
                <procdesc>Re-selected Oceanville CAFRA village, Smithville CAFRA town, and Wrangleboro CAFRA town, Galloway Township; Wildwood City/North Wildwood City/Wildwood Crest Borough/West Wildwood Borough CAFRA regional center, Wildwood City, North Wildwood City, Wildwood Crest Borough, West Wildwood Borough; Cape May City CAFRA town, Cape May City; Cape May Point CAFRA village, Cape May Point Borough; Bridgeton CAFRA regional center, City of Bridgeton; Cedarville CAFRA village, Lawrence Township; Millville-Vineland CAFRA regional center, Millville City and Vineland City; Mauricetown Station CAFRA hamlet, Maurice River Township; Atlantic Highlands CAFRA town, Atlantic Highlands Borough; Long Branch City CAFRA regional center, Long Branch City; Manasquan Borough CAFRA town, Manasquan Borough; and Red Bank CAFRA Regional Center, Red Bank Borough and deleted. Using OSG shapefile "Center boundaries of the NJ State Development and Redevelopment Plan, adopted March 1, 2001" - Publication date: 20090224 - re-selected Oceanville village, Smithville town, and Wrangleboro town, Galloway Township; Wildwood City/North Wildwood City/Wildwood Crest Borough/West Wildwood Borough regional center, Wildwood City, North Wildwood City, Wildwood Crest Borough, West Wildwood Borough; Cape May City town, Cape May City; Cape May Point village, Cape May Point Borough; Bridgeton regional center, City of Bridgeton; Cedarville village, Lawrence Township; Millville-Vineland regional center, Millville City and Vineland City; Mauricetown Station hamlet, Maurice River Township; Atlantic Highlands town, Atlantic Highlands Borough; Long Branch City regional center, Long Branch City; Manasquan Borough town, Manasquan Borough; and Red Bank Regional Center, Red Bank Borough and exported, then unioned to the coast_cafracen shapefile. Additional "Erase" of Permit Extension Act - environmentally sensitive areas from the Cedarville CAFRA village and Smithville CAFRA core. Re-calculated Acres.</procdesc>
                <procdate>20091215</procdate>
            </procstep>
            <procstep>
                <procdesc>Re-selected Cape May Point CAFRA Village, Cape May Point Borough; and Ocean City Coastal Regional Center, Ocean City and deleted. Using OSG shapefile "Center boundaries of the NJ State Development and Redevelopment Plan, adopted March 1, 2001" - Edition date: 20100518 - re-selected Cape May Point Village, Cape May Point Borough; and Ocean City Regional Center, Ocean City and exported, then unioned to the coast_cafracen shapefile. Re-calculated Acres.</procdesc>
                <procdate>20100827</procdate>
            </procstep>
        </lineage>
    </dataqual>
    <spdoinfo>
        <direct>Vector</direct>
        <ptvctinf>
            <sdtsterm>
                <sdtstype>GT-polygon composed of chains</sdtstype>
                <ptvctcnt>75</ptvctcnt>
            </sdtsterm>
        </ptvctinf>
    </spdoinfo>
    <eainfo>
        <detailed>
            <enttyp>
                <enttypl>coast_cafracen</enttypl>
                <enttypd>This data set is a depiction of boundaries used in permitting by the NJDEP</enttypd>
                <enttypds>NJDEP</enttypds>
            </enttyp>
            <attr>
                <attrlabl>OBJECTID</attrlabl>
                <attrdef>Internal feature number.</attrdef>
                <attrdefs>ESRI</attrdefs>
                <attrdomv>
                                        					
                    
                    <udom>Sequential unique whole numbers that are automatically generated.</udom>
                                        				
                
                </attrdomv>
            </attr>
            <attr>
                <attrlabl>NAMETYPE</attrlabl>
                <attrdef>Name of center, core or node</attrdef>
                <attrdefs>NJDEP Coastal Zone Management rules N.J.A.C. 7:7E</attrdefs>
                <attrdomv>
                                        					
                    
                    <udom>Character Field</udom>
                                        				
                
                </attrdomv>
            </attr>
            <attr>
                <attrlabl>MUNICIPALI</attrlabl>
                <attrdef>Name of municipality in which center, core or node is located</attrdef>
                <attrdefs>NJDEP</attrdefs>
                <attrdomv>
                                        					
                    
                    <udom>Character Field</udom>
                                        				
                
                </attrdomv>
            </attr>
            <attr>
                <attrlabl>COUNTY</attrlabl>
                <attrdef>Name of county in which center, core or node is located.</attrdef>
                <attrdefs>NJDEP</attrdefs>
                <attrdomv>
                                        					
                    
                    <udom>Character Field</udom>
                                        				
                
                </attrdomv>
            </attr>
            <attr>
                <attrlabl>CENTER</attrlabl>
                <attrdef>Identifies type of center, core or node.</attrdef>
                <attrdefs>NJ State Development and Redevelopment Plan (SDRP)</attrdefs>
                <attrdomv>
                                        					
                    
                    <edom>
                                                						
                        
                        <edomv>Hamlet</edomv>
                                                						
                        
                        <edomvd>Small-scale, compact residential settlements. The smallest center, hamlets are found primarily in rural areas. Impervious cover limit = 50%.</edomvd>
                                                						
                        
                        <edomvds>SDRP</edomvds>
                                                					
                    
                    </edom>
                                        				
                
                </attrdomv>
                <attrdomv>
                                        					
                    
                    <edom>
                                                						
                        
                        <edomv>Village</edomv>
                                                						
                        
                        <edomvd>Compact, primarily residential communities that offer basic consumer services to residents and nearby residents. Impervious cover limit = 60%.</edomvd>
                                                						
                        
                        <edomvds>SDRP</edomvds>
                                                					
                    
                    </edom>
                                        				
                
                </attrdomv>
                <attrdomv>
                                        					
                    
                    <edom>
                                                						
                        
                        <edomv>Town</edomv>
                                                						
                        
                        <edomvd>Traditional centers of commerce or government throughout the state. Hubs of social, economic and cultural functions, towns provide a core of commercial services to adjacent residences. Impervious cover limit = 70%.</edomvd>
                                                						
                        
                        <edomvds>SDRP</edomvds>
                                                					
                    
                    </edom>
                                        				
                
                </attrdomv>
                <attrdomv>
                                        					
                    
                    <edom>
                                                						
                        
                        <edomv>Regional</edomv>
                                                						
                        
                        <edomvd>Major employment centers, business districts and county seats. A planned regional center is a compact mix of residential, commercial and public uses, serving a large surrounding area. Impervious cover limit = 80%.</edomvd>
                                                						
                        
                        <edomvds>SDRP</edomvds>
                                                					
                    
                    </edom>
                                        				
                
                </attrdomv>
                <attrdomv>
                                        					
                    
                    <edom>
                                                						
                        
                        <edomv>Urban</edomv>
                                                						
                        
                        <edomvd>Generally largest centers, with most diverse mix of industry, commerce, services, residences, and cultural facilities. Impervious cover limit = 90%.</edomvd>
                                                						
                        
                        <edomvds>SDRP</edomvds>
                                                					
                    
                    </edom>
                                        				
                
                </attrdomv>
                <attrdomv>
                                        					
                    
                    <edom>
                                                						
                        
                        <edomv>Core</edomv>
                                                						
                        
                        <edomvd>Pedestrian-oriented area of commercial and civic uses serving the surrounding municipality. Impervious cover limit = 80%.</edomvd>
                                                						
                        
                        <edomvds>SDRP</edomvds>
                                                					
                    
                    </edom>
                                        				
                
                </attrdomv>
                <attrdomv>
                                        					
                    
                    <edom>
                                                						
                        
                        <edomv>Node</edomv>
                                                						
                        
                        <edomvd>Concentration of facilities and activities that are not organized in a compact form. Impervious cover limit = 80%.</edomvd>
                                                						
                        
                        <edomvds>SDRP</edomvds>
                                                					
                    
                    </edom>
                                        				
                
                </attrdomv>
            </attr>
            <attr>
                <attrlabl>CENTER_TYP</attrlabl>
                <attrdef>Identifies whether center, core, or node is a CAFRA center, core or node or a non-mainland coastal center.</attrdef>
                <attrdefs>NJDEP Coastal Zone Management rules N.J.A.C. 7:7E</attrdefs>
                <attrdomv>
                                        					
                    
                    <edom>
                                                						
                        
                        <edomv>CAFRA center</edomv>
                                                						
                        
                        <edomvd>Center adopted by the State Planning Commission and reviewed and accepted by the Department for the purposes of CAFRA</edomvd>
                                                						
                        
                        <edomvds>NJDEP Coastal Zone Management rules N.J.A.C. 7:7E</edomvds>
                                                					
                    
                    </edom>
                                        				
                
                </attrdomv>
                <attrdomv>
                                        					
                    
                    <edom>
                                                						
                        
                        <edomv>CAFRA core</edomv>
                                                						
                        
                        <edomvd>Core adopted by the State Planning Commission and reviewed and accepted by the Department for the purposes of CAFRA</edomvd>
                                                						
                        
                        <edomvds>NJDEP Coastal Zone Management rules N.J.A.C. 7:7E</edomvds>
                                                					
                    
                    </edom>
                                        				
                
                </attrdomv>
                <attrdomv>
                                        					
                    
                    <edom>
                                                						
                        
                        <edomv>CAFRA node</edomv>
                                                						
                        
                        <edomvd>Node adopted by the State Planning Commission and reviewed and accepted by the Department for the purposes of CAFRA</edomvd>
                                                						
                        
                        <edomvds>NJDEP Coastal Zone Management rules N.J.A.C. 7:7E</edomvds>
                                                					
                    
                    </edom>
                                        				
                
                </attrdomv>
                <attrdomv>
                                        					
                    
                    <edom>
                                                						
                        
                        <edomv>Non-mainland coastal center</edomv>
                                                						
                        
                        <edomvd>Coastal center delineated by NJDEP, based in part on centers identified in the 1992 SDRP, where the State Planning Commission had not yet designated centers.</edomvd>
                                                						
                        
                        <edomvds>NJDEP Coastal Zone Management rules N.J.A.C. 7:7E</edomvds>
                                                					
                    
                    </edom>
                                        				
                
                </attrdomv>
            </attr>
            <attr>
                <attrlabl>CEN_TYP2</attrlabl>
                <attrdef>Identifies whether center, core, or node is a CAFRA center, core or node or a non-mainland coastal center, and the type of center.</attrdef>
                <attrdefs>NJDEP Coastal Zone Management rules N.J.A.C. 7:7E</attrdefs>
                <attrdomv>
                                        					
                    
                    <udom>Character Field</udom>
                                        				
                
                </attrdomv>
            </attr>
            <attr>
                <attrlabl>NAME</attrlabl>
                <attrdef>Common name of center, core or node</attrdef>
                <attrdefs>NJDEP Coastal Zone Management rules N.J.A.C. 7:7E</attrdefs>
                <attrdomv>
                                        					
                    
                    <udom>Character Field</udom>
                                        				
                
                </attrdomv>
            </attr>
            <attr>
                <attrlabl>ACRES</attrlabl>
                <attrdef>Acreage of center, core or node.</attrdef>
                <attrdefs>ESRI</attrdefs>
                <attrdomv>
                                        					
                    
                    <rdom>
                                                						
                        
                        <rdommin>9.278</rdommin>
                                                						
                        
                        <rdommax>10,067.804</rdommax>
                                                					
                    
                    </rdom>
                                        				
                
                </attrdomv>
            </attr>
            <attr>
                <attrlabl>SHAPE</attrlabl>
                <attrdef>Feature geometry.</attrdef>
                <attrdefs>ESRI</attrdefs>
                <attrdomv>
                                        					
                    
                    <udom>Coordinates defining the features.</udom>
                                        				
                
                </attrdomv>
            </attr>
            <attr>
                <attrlabl>SHAPE.AREA</attrlabl>
                <attrdef>Area of feature in internal units squared.</attrdef>
                <attrdefs>ESRI</attrdefs>
                <attrdomv>
                                        					
                    
                    <udom>Positive real numbers that are automatically generated.</udom>
                                        				
                
                </attrdomv>
            </attr>
            <attr>
                <attrlabl>SHAPE.LEN</attrlabl>
                <attrdef>Length of feature</attrdef>
                <attrdefs>ESRI</attrdefs>
                <attrdomv>
                                        					
                    
                    <udom>Positive real numbers that are automatically generated.</udom>
                                        				
                
                </attrdomv>
            </attr>
        </detailed>
    </eainfo>
    <distinfo>
        <distrib>
            <cntinfo>
                <cntorgp>
                    <cntorg>NJDEP/DOIT/Bureau of GIS</cntorg>
                    <cntper>GIS Help Desk</cntper>
                </cntorgp>
                <cntaddr>
                    <addrtype>mailing and physical</addrtype>
                    <address>401 East State Street</address>
                    <city>Trenton</city>
                    <state>NJ</state>
                    <postal>08625</postal>
                </cntaddr>
                <cntvoice>(609) 777-0672</cntvoice>
                <cntfax>(609) 292-7900</cntfax>
                <cntemail>gisnet@dep.nj.gov</cntemail>
            </cntinfo>
        </distrib>
        <resdesc>Downloadable Data</resdesc>
        <distliab>This organization provides the geographic data "as is". This organization makes no guarantee or warranty concerning the accuracy of information contained in the geographic data. Also, this organization makes no warranty either expressed or implied, regarding the condition of the product or its fitness for any particular purpose. The burden for determining fitness for use lies entirely with the user. Although these files have been processed successfully on computers at this organization, no warranty is made by this organization regarding the use of these data on any other system, nor does the fact of distribution constitute or imply any such warranty. See also "Use Constraints" for additional distribution and/or data use requirements.</distliab>
        <stdorder>
            <digform>
                <digtinfo>
                    <formname>DEP distributes ESRI .SHP and/or GDB. Some data may be NJ GeoWeb "display only" layers.</formname>
                    <formvern>latest version</formvern>
                    <filedec>WinZip</filedec>
                </digtinfo>
                <digtopt>
                    <onlinopt>
                        <computer>
                            <networka>
                                <networkr>https://www.nj.gov/dep/gis</networkr>
                            </networka>
                        </computer>
                        <computer>
                            <networka>
                                <networkr>https://www.nj.gov/dep/gis/geowebsplash.htm</networkr>
                            </networka>
                        </computer>
                    </onlinopt>
                </digtopt>
            </digform>
            <fees>None</fees>
            <ordering>All available NJDEP public GIS data can be downloaded for free. Some data shown in NJGeoWeb application may not yet be available for download due to various data or distribution issues. Please email gisnet@dep.nj.gov with any data distribution questions.</ordering>
        </stdorder>
    </distinfo>
    <metainfo>
        <metd>20101015</metd>
        <metc>
            <cntinfo>
                <cntorgp>
                    <cntorg>NJDEP, Planning and Sustainable Communities</cntorg>
                    <cntper>H. David Dumont</cntper>
                </cntorgp>
                <cntaddr>
                    <addrtype>mailing and physical</addrtype>
                    <address>PO Box 402</address>
                    <address>401 E. State St</address>
                    <city>Trenton</city>
                    <state>NJ</state>
                    <postal>08625</postal>
                </cntaddr>
                <cntvoice>(609) 341-5311</cntvoice>
                <cntfax>(609) 292-3268</cntfax>
                <cntemail>H.David.Dumont@dep.nj.gov</cntemail>
            </cntinfo>
        </metc>
        <metstdn>FGDC Content Standard for Digital Geospatial Metadata</metstdn>
        <metstdv>FGDC-STD-001-1998</metstdv>
        <mettc>local time</mettc>
    </metainfo>
</metadata>
