<?xml version="1.0" encoding="UTF-8"?><metadata>
    <idinfo>
        <citation>
            <citeinfo>
                <origin/>
                <title>Bus Terminals of NJ Transit</title>
                <geoform>vector digital data</geoform>
            </citeinfo>
        </citation>
        <descript>
            <abstract>Data provided by the NJ Transit Bus Operations Handbook (Oct 2020).</abstract>
            <purpose>List of NJT Bus Terminals and prominent park and rides.</purpose>
        </descript>
        <timeperd>
            <timeinfo>
                <sngdate>
                    <caldate>20210826</caldate>
                </sngdate>
            </timeinfo>
            <current>Update as needed</current>
        </timeperd>
        <status>
            <update>As needed</update>
        </status>
        <spdom>
            <bounding>
                <westbc>-75.169123</westbc>
                <eastbc>-73.936551</eastbc>
                <northbc>41.150302</northbc>
                <southbc>38.934068</southbc>
            </bounding>
        </spdom>
        <keywords>
            <theme>
                <themekt>None</themekt>
                <themekey>Bus</themekey>
                <themekey>Bus Terminals</themekey>
                <themekey>Terminals</themekey>
            </theme>
            <theme>
                <themekt>ISO 19115 Topic Categories</themekt>
                <themekey>transportation</themekey>
            </theme>
            <place>
                <placekt>None</placekt>
                <placekey>New Jersey</placekey>
            </place>
        </keywords>
        <accconst>Other Constraints</accconst>
        <useconst>Not for design purposes. Not survey grade data.</useconst>
        <ptcontac>
            <cntinfo>
                <cntorgp>
                    <cntorg>NJ Transit</cntorg>
                    <cntper>Aaron Reisner</cntper>
                </cntorgp>
                <cntpos>Director of GIS</cntpos>
                <cntaddr>
                    <addrtype>mailing</addrtype>
                    <address>1 Penn Plaza East</address>
                    <city>Newark</city>
                    <state>NJ</state>
                    <postal>07105</postal>
                </cntaddr>
                <cntvoice>973-491-7606</cntvoice>
                <cntemail>areisner@njtransit.com</cntemail>
            </cntinfo>
        </ptcontac>
        <datacred>NJ TRANSIT Bus Quality Assurance Department, NJ TRANSIT GIS Department</datacred>
        <native>Version 6.2 (Build 9200) ; Esri ArcGIS 10.8.0.12790</native>
    </idinfo>
    <spdoinfo>
        <direct>Vector</direct>
        <ptvctinf>
            <sdtsterm>
                <sdtstype>Entity point</sdtstype>
                <ptvctcnt>28</ptvctcnt>
            </sdtsterm>
        </ptvctinf>
    </spdoinfo>
    <eainfo>
        <detailed>
            <enttyp>
                <enttypl>Bus Terminals of NJ Transit</enttypl>
                <enttypd>Feature Class</enttypd>
                <enttypds>ESRI</enttypds>
            </enttyp>
            <attr>
                <attrlabl>OBJECTID</attrlabl>
                <attrdef>Internal feature number.</attrdef>
                <attrdefs>Esri</attrdefs>
                <attrdomv>
                                        					
                    
                    <udom>Sequential unique whole numbers that are automatically generated.</udom>
                                        				
                
                </attrdomv>
            </attr>
            <attr>
                <attrlabl>LATITUDE</attrlabl>
                <attrdef>Latitude coordinate</attrdef>
                <attrdefs>NJ Transit</attrdefs>
            </attr>
            <attr>
                <attrlabl>TYPE</attrlabl>
                <attrdef>Type of station: Park/Ride or Terminal</attrdef>
                <attrdefs>NJ Transit</attrdefs>
            </attr>
            <attr>
                <attrlabl>COUNTY</attrlabl>
                <attrdef>County</attrdef>
                <attrdefs>NJ Transit</attrdefs>
            </attr>
            <attr>
                <attrlabl>SE_ANNO_CAD_DATA</attrlabl>
            </attr>
            <attr>
                <attrlabl>MUNICIPALITY</attrlabl>
                <attrdef>Municipality</attrdef>
                <attrdefs>NJ Transit</attrdefs>
            </attr>
            <attr>
                <attrlabl>SHAPE</attrlabl>
                <attrdef>Feature geometry.</attrdef>
                <attrdefs>Esri</attrdefs>
                <attrdomv>
                                        					
                    
                    <udom>Coordinates defining the features.</udom>
                                        				
                
                </attrdomv>
            </attr>
            <attr>
                <attrlabl>OWNER</attrlabl>
                <attrdef>Property owner of terminal station</attrdef>
                <attrdefs>NJ Transit</attrdefs>
            </attr>
            <attr>
                <attrlabl>TICKET_SELLER</attrlabl>
                <attrdef>Operating entity that sells tickets</attrdef>
                <attrdefs>NJ Transit</attrdefs>
            </attr>
            <attr>
                <attrlabl>LONGITUDE</attrlabl>
                <attrdef>Longitude coordinate</attrdef>
                <attrdefs>NJ Transit</attrdefs>
            </attr>
            <attr>
                <attrlabl>PARKING</attrlabl>
                <attrdef>Parking at the terminal station</attrdef>
                <attrdefs>NJ Transit</attrdefs>
            </attr>
            <attr>
                <attrlabl>NAME</attrlabl>
                <attrdef>Name of the terminal station</attrdef>
                <attrdefs>NJ Transit</attrdefs>
            </attr>
            <attr>
                <attrlabl>ORIG_FID</attrlabl>
            </attr>
            <attr>
                <attrlabl>OPERATOR</attrlabl>
                <attrdef>Operating entity that runs the terminal station</attrdef>
                <attrdefs>NJ Transit</attrdefs>
            </attr>
        </detailed>
    </eainfo>
    <metainfo>
        <metc>
            <cntinfo>
                <cntorgp>
                    <cntorg>NJ Transit</cntorg>
                    <cntper>Aaron Reisner</cntper>
                </cntorgp>
                <cntpos>Director of GIS</cntpos>
                <cntaddr>
                    <addrtype>mailing</addrtype>
                    <address>1 Penn Plaza East</address>
                    <city>Newark</city>
                    <state>NJ</state>
                    <postal>07105</postal>
                </cntaddr>
                <cntvoice>973-491-7606</cntvoice>
                <cntemail>areisner@njtransit.com</cntemail>
            </cntinfo>
        </metc>
        <metstdn>FGDC Content Standard for Digital Geospatial Metadata</metstdn>
        <metstdv>FGDC-STD-001-1998</metstdv>
        <mettc>local time</mettc>
        <metuc>Not for design purposes. Not survey grade data.</metuc>
    </metainfo>
</metadata>
