<?xml version="1.0" encoding="UTF-8"?><metadata>
    <idinfo>
        <citation>
            <citeinfo>
                <origin/>
                <pubdate>20160601</pubdate>
                <title>Parks in New Jersey, Edition 20160601 (Land_use_park) (Web Mercator ArcGIS Online Service)</title>
                <geoform>vector digital data</geoform>
                <serinfo>
                    <sername>Geographic Names Information System (GNIS)</sername>
                    <issue>Downloaded version 20160601</issue>
                </serinfo>
                <pubinfo>
                    <pubplace/>
                    <publish>NJ Department of Environmental Protection (NJDEP)</publish>
                </pubinfo>
                <onlink>https://www.nj.gov/dep/gis/digidownload/zips/OpenData/Land_use_park.zip</onlink>
            </citeinfo>
        </citation>
        <descript>
            <abstract>This data represents park locations in New Jersey reselected from the 2016 Geographic Names Information System (GNIS) which is the Federal and national standard for geographic nomenclature.</abstract>
            <purpose>This data was produced to provide a graphic representation of information that depicts named selected places in New Jersey. The named places contained within this data can be found on the USGS 7.5' topoquad series.</purpose>
            <supplinf>This data represents selected park locations in New Jersey reselected from the 2016 Geographic Names Information System (GNIS) database for New Jersey. This layer represents place names and features that are found on the USGS 7.5' topoquad series, specifically locale and populated places.</supplinf>
        </descript>
        <timeperd>
            <timeinfo>
                <sngdate>
                    <caldate>20160101</caldate>
                </sngdate>
            </timeinfo>
            <current>ground condition</current>
        </timeperd>
        <status>
            <progress>Complete</progress>
            <update>As needed</update>
        </status>
        <spdom>
            <bounding>
                <westbc>-75.579611</westbc>
                <eastbc>-73.917407</eastbc>
                <northbc>41.292466</northbc>
                <southbc>39.023553</southbc>
            </bounding>
        </spdom>
        <keywords>
            <theme>
                <themekt>None</themekt>
                <themekey>geonames</themekey>
                <themekey>names</themekey>
                <themekey>USGS</themekey>
                <themekey>quads</themekey>
                <themekey>park</themekey>
                <themekey>named places</themekey>
                <themekey>NJDEP</themekey>
            </theme>
            <theme>
                <themekt>User</themekt>
                <themekey>Land_use_park</themekey>
                <themekey>park</themekey>
            </theme>
            <place>
                <placekt>None</placekt>
                <placekey>New Jersey</placekey>
                <placekey>NJ</placekey>
                <placekey>state</placekey>
                <placekey>statewide</placekey>
            </place>
            <temporal>
                <tempkt>None</tempkt>
                <tempkey>1987</tempkey>
            </temporal>
        </keywords>
        <accconst>None</accconst>
        <useconst>New Jersey Department of Environmental Protection (NJDEP) Data Distribution Agreement. The data provided herein are distributed subject to the following conditions and restrictions: NJDEP assumes no responsibility to maintain them in any manner or form and disclaims any duty or obligation to either maintain availability of or to update the data. Terms of Agreement 1. All data is provided, as is, without any representation or warranty of any kind, implied, expressed or statutory including, but not limited to, the warranties of non-infringement of third party rights, title, merchantability or fitness for a particular use, freedom from computer virus nor are any such warranties to be implied with respect to the digital data layers furnished hereunder. User is responsible for understanding the accuracy limitations of all digital data layers provided herein, as documented in the accompanying cross-reference files (see SUPPLEMENTAL INFORMATION). Any reproduction or manipulation of the above data must ensure that the coordinate reference system remains intact. 2. Digital data received from the NJDEP may not be reproduced or redistributed without all the metadata provided. 3. Any maps, publications, reports, or other documents produced as a result of this project that utilize this digital data will credit the NJDEP's Geographic Information System (GIS) as the source of the data with the following credit/disclaimer: 'This (map/publication/report) was developed using New Jersey Department of Environmental Protection Geographic Information System digital data, but this secondary product has not been verified by NJDEP and is not state-authorized or endorsed.' 4. NJDEP makes no warranty that digital data are free of Copyright or Trademark claims or other restrictions or limitations on free use or display. Making a copy of this data may be subject to the copyright of trademark laws.</useconst>
        <datacred>Geographic Names Information System (GNIS) 20160601</datacred>
        <native>ESRI ArcCatalog 8.3.0.800</native>
    </idinfo>
    <dataqual>
        <attracc>
            <attraccr>This data layer was obtained directly from USGS download of Geographic Names Information System. DEP performed quality test.</attraccr>
        </attracc>
        <logic>This data layer was obtained directly from USGS. DEP performed quality test and some edits.</logic>
        <complete>Only park feature classes are shown.</complete>
        <posacc>
            <horizpa>
                <horizpar>N/A</horizpar>
            </horizpa>
        </posacc>
        <posacc>
            <vertacc>
                <vertaccr>N/A</vertaccr>
            </vertacc>
        </posacc>
        <lineage>
            <srcinfo>
                <srccite>
                    <citeinfo>
                        <origin/>
                        <pubdate>19870101</pubdate>
                        <title>USGS Topoquads</title>
                        <geoform>mylar</geoform>
                        <pubinfo>
                            <pubplace/>
                            <publish>USGS</publish>
                        </pubinfo>
                    </citeinfo>
                </srccite>
                <srcscale>24000</srcscale>
                <typesrc>None</typesrc>
                <srctime>
                    <timeinfo>
                        <sngdate>
                            <caldate>19860101</caldate>
                            <time>unknown</time>
                        </sngdate>
                    </timeinfo>
                    <srccurr>ground condition</srccurr>
                </srctime>
                <srccitea>USGS</srccitea>
                <srccontr>USGS topoquads used to create New Jersey Named Places.</srccontr>
            </srcinfo>
            <srcinfo>
                <srccite>
                    <citeinfo>
                        <origin/>
                        <pubdate>19870101</pubdate>
                        <title>NJDEP Named Places in New Jersey, 1987</title>
                        <edition>1987</edition>
                        <geoform>vector digital data</geoform>
                        <pubinfo>
                            <pubplace/>
                            <publish>Trenton, NJ</publish>
                        </pubinfo>
                    </citeinfo>
                </srccite>
                <srcscale>12000</srcscale>
                <typesrc>None</typesrc>
                <srctime>
                    <timeinfo>
                        <sngdate>
                            <caldate>20160101</caldate>
                        </sngdate>
                    </timeinfo>
                    <srccurr>ground condition</srccurr>
                </srctime>
                <srccitea>geonames</srccitea>
                <srccontr>Original layer used to reselect cemeteries</srccontr>
            </srcinfo>
            <procstep>
                <procdesc>Geographic Names Information System (GNIS) data base was downloaded and modified to include only relative attributes for New Jersey. Complete GNIS Named Places layer point locations were derived from USGS Topoquads. Parks were then reselected from the Named Places layer.</procdesc>
                <procdate>20160101</procdate>
            </procstep>
        </lineage>
    </dataqual>
    <spdoinfo>
        <direct>Vector</direct>
        <ptvctinf>
            <sdtsterm>
                <sdtstype>Entity point</sdtstype>
                <ptvctcnt>904</ptvctcnt>
            </sdtsterm>
        </ptvctinf>
    </spdoinfo>
    <eainfo>
        <detailed>
            <enttyp>
                <enttypl>Land_use_park</enttypl>
                <enttypd>NJDEP Parks in New Jersey</enttypd>
                <enttypds>NJDEP</enttypds>
            </enttyp>
            <attr>
                <attrlabl>OBJECTID</attrlabl>
                <attrdef>Internal feature number.</attrdef>
                <attrdefs>ESRI</attrdefs>
                <attrdomv>
                                        					
                    
                    <udom>Sequential unique whole numbers that are automatically generated.</udom>
                                        				
                
                </attrdomv>
            </attr>
            <attr>
                <attrlabl>SHAPE</attrlabl>
                <attrdef>Feature geometry.</attrdef>
                <attrdefs>ESRI</attrdefs>
                <attrdomv>
                                        					
                    
                    <udom>Coordinates defining the features.</udom>
                                        				
                
                </attrdomv>
            </attr>
            <attr>
                <attrlabl>FEATURE_ID</attrlabl>
                <attrdef>ID Field</attrdef>
                <attrdefs>USGS</attrdefs>
                <attrdomv>
                                        					
                    
                    <udom>Unique Value</udom>
                                        				
                
                </attrdomv>
            </attr>
            <attr>
                <attrlabl>FEATURE_NAME</attrlabl>
                <attrdef>Park name in GNIS database</attrdef>
                <attrdefs>USGS</attrdefs>
                <attrdomv>
                                        					
                    
                    <udom>Unique Value</udom>
                                        				
                
                </attrdomv>
            </attr>
            <attr>
                <attrlabl>FEATURE_CLASS</attrlabl>
                <attrdef>Classification in GNIS database</attrdef>
                <attrdefs>USGS</attrdefs>
                <attrdomv>
                                        					
                    
                    <udom>Unique Value</udom>
                                        				
                
                </attrdomv>
            </attr>
            <attr>
                <attrlabl>STATE_ALPHA</attrlabl>
                <attrdef>State location of park in GNIS database</attrdef>
                <attrdefs>USGS</attrdefs>
                <attrdomv>
                                        					
                    
                    <udom>Unique Value</udom>
                                        				
                
                </attrdomv>
            </attr>
            <attr>
                <attrlabl>COUNTY_NAME</attrlabl>
                <attrdef>County location of park in GNIS database</attrdef>
                <attrdefs>USGS</attrdefs>
                <attrdomv>
                                        					
                    
                    <udom>Unique Value</udom>
                                        				
                
                </attrdomv>
            </attr>
            <attr>
                <attrlabl>MUN_LABEL</attrlabl>
                <attrdef>Municipality location of park in GNIS database</attrdef>
                <attrdefs>NJDEP</attrdefs>
                <attrdomv>
                                        					
                    
                    <udom>Unique Value</udom>
                                        				
                
                </attrdomv>
            </attr>
            <attr>
                <attrlabl>PRIM_LAT_DEC</attrlabl>
                <attrdef>Latitude Coordinate in decimal degrees</attrdef>
                <attrdefs>USGS</attrdefs>
                <attrdomv>
                                        					
                    
                    <udom>unique</udom>
                                        				
                
                </attrdomv>
            </attr>
            <attr>
                <attrlabl>PRIM_LONG_DEC</attrlabl>
                <attrdef>Longitude Coordinate in decimal degrees</attrdef>
                <attrdefs>USGS</attrdefs>
                <attrdomv>
                                        					
                    
                    <udom>unique</udom>
                                        				
                
                </attrdomv>
            </attr>
            <attr>
                <attrlabl>X_COORD</attrlabl>
                <attrdef>X Coordinate in NJ state plane feet</attrdef>
                <attrdefs>NJDEP</attrdefs>
                <attrdomv>
                                        					
                    
                    <udom>unique</udom>
                                        				
                
                </attrdomv>
            </attr>
            <attr>
                <attrlabl>Y_COORD</attrlabl>
                <attrdef>Y Coordinate in NJ state plane feet</attrdef>
                <attrdefs>NJDEP</attrdefs>
                <attrdomv>
                                        					
                    
                    <udom>unique</udom>
                                        				
                
                </attrdomv>
            </attr>
            <attr>
                <attrlabl>ELEV_IN_M</attrlabl>
                <attrdef>Elevation in meters</attrdef>
                <attrdefs>USGS</attrdefs>
                <attrdomv>
                                        					
                    
                    <udom>unique</udom>
                                        				
                
                </attrdomv>
            </attr>
            <attr>
                <attrlabl>ELEV_IN_FT</attrlabl>
                <attrdef>Elevation in feet</attrdef>
                <attrdefs>USGS</attrdefs>
                <attrdomv>
                                        					
                    
                    <udom>unique</udom>
                                        				
                
                </attrdomv>
            </attr>
            <attr>
                <attrlabl>MAP_NAME</attrlabl>
                <attrdef>Unique map name</attrdef>
                <attrdefs>NJDEP</attrdefs>
                <attrdomv>
                                        					
                    
                    <udom>Unique Value</udom>
                                        				
                
                </attrdomv>
            </attr>
            <attr>
                <attrlabl>DATE_CREATED</attrlabl>
                <attrdef>Date of record in GNIS database</attrdef>
                <attrdefs>USGS</attrdefs>
                <attrdomv>
                                        					
                    
                    <udom>unique</udom>
                                        				
                
                </attrdomv>
            </attr>
            <attr>
                <attrlabl>DATE_EDITED</attrlabl>
                <attrdef>Date of record eidt in GNIS database or by NJDEP</attrdef>
                <attrdefs>USGS</attrdefs>
                <attrdomv>
                                        					
                    
                    <udom>unique</udom>
                                        				
                
                </attrdomv>
            </attr>
            <attr>
                <attrlabl>GFN</attrlabl>
                <attrdef>Federal classification in database</attrdef>
                <attrdefs>NJDEP</attrdefs>
                <attrdomv>
                                        					
                    
                    <udom>Unique Value</udom>
                                        				
                
                </attrdomv>
            </attr>
        </detailed>
    </eainfo>
    <distinfo>
        <distrib>
            <cntinfo>
                <cntorgp>
                    <cntorg>NJDEP/DOIT/Bureau of GIS</cntorg>
                    <cntper>GIS Help Desk</cntper>
                </cntorgp>
                <cntaddr>
                    <addrtype>mailing and physical</addrtype>
                    <address>401 East State Street</address>
                    <city>Trenton</city>
                    <state>NJ</state>
                    <postal>08625</postal>
                </cntaddr>
                <cntvoice>(609) 777-0672</cntvoice>
                <cntfax>(609) 292-7900</cntfax>
                <cntemail>gisnet@dep.nj.gov</cntemail>
            </cntinfo>
        </distrib>
        <resdesc>Downloadable Data</resdesc>
        <distliab>This organization provides the geographic data "as is". This organization makes no guarantee or warranty concerning the accuracy of information contained in the geographic data. Also, this organization makes no warranty either expressed or implied, regarding the condition of the product or its fitness for any particular purpose. The burden for determining fitness for use lies entirely with the user. Although these files have been processed successfully on computers at this organization, no warranty is made by this organization regarding the use of these data on any other system, nor does the fact of distribution constitute or imply any such warranty. See also "Use Constraints" for additional distribution and/or data use requirements.</distliab>
        <custom>The NJDEP may distribute GIS data in a variety of formats, such as the ESRI shapefile and/or various versions of the file geodatabase format. The data also may be available for viewing on various profiles of the NJ GeoWeb online mapping application. Note: Some older NJDEP data may not contain .prj files due to distribution procedures at that time. If download does not contain a .prj, please download from: https://www.nj.gov/dep/gis/njsp83.zip Please rename .prj to the name of the downloadable filename. (for example: If Head of Tides filename is HOT.shp, please rename .prj to HOT.prj). This allows ESRI software to recognize the projection information.</custom>
    </distinfo>
    <metainfo>
        <metd>20160701</metd>
        <metc>
            <cntinfo>
                <cntorgp>
                    <cntorg>NJ Department of Environmental Protection (NJDEP), Division of Information Technology (DOIT), Bureau of Geographic Information Systems (BGIS)</cntorg>
                    <cntper>Craig Coutros</cntper>
                </cntorgp>
                <cntpos>GIS Specialist</cntpos>
                <cntaddr>
                    <addrtype>mailing and physical</addrtype>
                    <address>401 East State Street, Box 428- 1st Floor</address>
                    <city>Trenton</city>
                    <state>NJ</state>
                    <postal>08625</postal>
                </cntaddr>
                <cntvoice>609-777-0672</cntvoice>
                <cntfax>609-292-7900</cntfax>
                <cntemail>gisnet@dep.nj.gov</cntemail>
            </cntinfo>
        </metc>
        <metstdn>FGDC Content Standard for Digital Geospatial Metadata</metstdn>
        <metstdv>FGDC-STD-001-1998</metstdv>
        <mettc>local time</mettc>
    </metainfo>
</metadata>
